,Id,NODE_TYPE,NODE_NAME,TURN_P,REMARK,geometry
2899,1610099800,101,운서동2820-1,0,,POINT (154216.3322999995 543879.2421999921)
2900,1610099900,102,운서동2820-1,0,,POINT (154210.1169999982 543955.111699995)
2901,1610100000,102,운서동2820-1,0,,POINT (154180.1411999979 543931.2310999971)
2902,1610100100,101,운서동2820-1,0,,POINT (154186.3664999986 543857.2110999959)
2903,1610100200,102,운서동2820-1,0,,POINT (154145.7489999982 543908.2997000009)
2904,1610100300,102,운서동2758-4,0,,POINT (154282.5861999984 543866.8558999973)
2905,1610100400,101,운서동2820-2,0,,POINT (154260.9555999931 543752.2966999935)
2906,1610100500,101,운서동2820-2,0,,POINT (154292.0218999991 543773.3971999999)
2907,1610100600,101,운서동2820-1,0,,POINT (154380.6416999985 543808.0548999985)
2908,1610100700,101,운서동2820-1,0,,POINT (154311.7505999961 543944.3809999992)
2909,1610100800,101,운서동2820-1,0,,POINT (154321.8048999975 543963.7470999943)
2910,1610100900,101,운서동2820-1,0,,POINT (154358.4373999991 543992.215899993)
2911,1610101000,101,운서동2820-1,0,,POINT (154397.1890999943 544004.0264999943)
2912,1610101100,102,운서동2820-1,0,,POINT (154284.4928999979 544012.9671999923)
2913,1610101200,102,운서동2820-1,0,,POINT (154328.832099997 544035.8446999973)
2914,1610101300,102,운서동2820-1,0,,POINT (154365.4033999968 544053.2159999938)
2915,1610101400,101,운서동2820-1,0,,POINT (154427.0325999937 544003.8631999991)
2916,1610101500,102,공원사거리,0,,POINT (154401.9190000007 544060.4146999985)
2917,1610101600,101,운서동2820-1,0,,POINT (154425.7047999941 543963.178399995)
2918,1610101700,101,운서동2820-1,0,,POINT (154424.3415999924 543916.0198999954)
2919,1610101800,102,운서동2820-1,0,,POINT (154369.262699999 543950.5396999966)
2920,1610101900,102,운서동2820-1,0,,POINT (154390.0359999974 543908.8089999961)
2921,1610102000,101,운서동2820-2,0,,POINT (154338.0856999985 543909.0933999917)
2922,1610102100,101,운서동2820-1,0,,POINT (154381.9798999947 543850.5893999905)
2923,1610102200,101,운서동2820-2,0,,POINT (154368.8120999935 543868.2329999985)
2924,1610102300,102,운서동2820-2,0,,POINT (154310.3310000006 543887.0497999947)
2925,1610102400,101,운서동2820-2,0,,POINT (154336.630799993 543845.2887000006)
2926,1610102500,102,운서동2820-2,0,,POINT (154315.5432999954 543829.6822999915)
2927,1610102600,102,운서동2820-2,0,,POINT (154347.5929999944 543828.5818999889)
7708,1610044000,102,숲쟁이로2,0,,POINT (157456.5565999972 542994.4505999974)
7709,1610044100,101,큰말로1,0,,POINT (157500.8413999972 541438.9906999986)
7710,1610044200,104,두빛나래지하차도,0,,POINT (157516.4677999997 542216.017399995)
7711,1610044300,101,운남동1770-3,0,,POINT (157520.718199998 542253.748099999)
7712,1610044400,101,운남동1788,0,,POINT (157563.5807999973 542697.0582999972)
7713,1610044500,101,운남동1770-3,0,,POINT (157627.5108999989 542041.452599999)
7714,1610044600,101,운남동1770-3,0,,POINT (157674.3412999963 541931.5273999985)
7715,1610044700,101,운남동1770-3,1,,POINT (157714.2352999965 541837.883800005)
7716,1610044800,101,운남동1773,0,,POINT (157732.7821999932 542392.3899999891)
7717,1610044900,101,운남동1768,1,,POINT (157737.9746999958 541782.1603999923)
7718,1610045000,101,운남동1796,0,,POINT (157781.4788999924 542118.8102999992)
7719,1610045100,101,운남동1797,0,,POINT (157829.7654000008 541999.7475999941)
7720,1610045200,101,운남동1788,0,,POINT (157868.7782999947 542817.7086000012)
7721,1610045300,101,운남동1773,1,,POINT (157968.2617999992 542490.1536999944)
7722,1610045400,102,숲쟁이로1,0,,POINT (158018.612099997 542963.8249999962)
7723,1610045500,101,운남동1796,0,,POINT (158083.765899993 542231.2583999913)
7724,1610045600,101,운남동1788,0,,POINT (158100.7653999997 542858.4544999975)
7725,1610045700,101,운남동1797,0,,POINT (158122.1305999985 542107.565499997)
7726,1610045800,101,운남동1774,0,,POINT (158160.8788999991 542549.4204999929)
7727,1610045900,104,두빛나래지하차도,0,,POINT (158190.2305999985 542531.4013000031)
7728,1610046000,101,찬들로3,0,,POINT (158241.8547999927 542267.6386999921)
7729,1610046100,101,운남동1795,0,,POINT (158277.3089999919 542155.9181999887)
7730,1610046200,101,운남동1795,1,,POINT (158304.6933999961 542060.6018000003)
7731,1610046300,102,운남동1640-1,0,,POINT (158305.1809999937 541784.0259999924)
7732,1610046400,101,운남동1768,1,,POINT (158325.3508000006 542000.4420999924)
7733,1610046500,101,운남동1646-8,1,,POINT (158354.8320999965 541905.8864000046)
7734,1610046600,104,지하차도,0,,POINT (158452.9623999964 542613.1576999929)
7735,1610046700,103,속성변화점,0,,POINT (158610.1571999941 543407.5554000018)
7736,1610054900,101,중산동1983,0,,POINT (161763.2721999953 544325.5879999979)
7737,1610055000,101,뮤엠영어가람점,1,,POINT (161784.3539999957 542831.4387999999)
7738,1610055100,101,중산동1981-3,0,,POINT (161789.8892999963 544613.7330999995)
7739,1610055200,101,중산동1983,1,,POINT (161873.2331999987 544398.6263999976)
7740,1610055300,101,중산동2002,1,,POINT (161931.1980999935 543005.4027000029)
7741,1610055400,101,중산동1984-2,0,,POINT (162042.9372999974 544095.1619000018)
7742,1610055500,101,중산동1983,0,,POINT (162122.0015999962 544493.9560000011)
7743,1610055600,103,속성변화점,0,,POINT (162137.1820999978 544208.3773999993)
7744,1610055700,101,중산동1984-3,1,,POINT (162154.393299997 543999.9779000002)
7745,1610055800,101,중산동1999,0,,POINT (162164.9633999993 544844.0400999918)
7746,1610055900,101,중산동1999,1,,POINT (162276.8823999991 544552.8655999949)
7747,1610056000,101,청원조경,0,,POINT (162326.8858999974 543854.0979999955)
7748,1610056100,103,속성변화점,0,,POINT (162416.095699996 544445.3059999956)
7749,1610056200,101,중산동1933-7,0,,POINT (162457.6255999956 544623.5607999952)
7750,1610056300,101,중산동1938-40,0,,POINT (162475.8685999964 544564.6380000027)
7751,1610056400,101,은하수로3,0,,POINT (162530.2668999951 543739.5609999994)
7752,1610056500,101,중산동1938-40,0,,POINT (162572.0121999981 544314.6757999975)
7753,1610056600,101,중산동1946-23,0,,POINT (162593.3041999926 544608.6911999956)
7754,1610056700,101,중산동1946-23,0,,POINT (162678.9331999938 544354.4837000017)
7755,1610056800,102,해이든영종호텔,0,,POINT (162738.6133999977 543655.0430000018)
7756,1610056900,101,해이든영종호텔,0,,POINT (162746.9523999981 543706.9927000001)
7757,1610057000,101,중산동1945,0,,POINT (162776.5811999972 543880.4684999967)
7758,1610057100,101,은하수로1,0,,POINT (162888.2401999974 543687.5457999948)
7759,1610057200,102,영종도선착장,0,,POINT (162958.0903999957 543619.6799999997)
7760,1610057300,101,영종도선착장,0,,POINT (162966.4247999926 543675.6394999997)
7761,1610057400,102,은하수로2,0,,POINT (162994.9865999973 543851.9945999965)
7762,1610057500,102,은하수로시점,0,,POINT (163049.7686999961 543665.3206999979)
7763,1610060700,101,운북동1368-3,1,,POINT (156498.7313999986 547469.5278999921)
7764,1610068900,101,운서동2851-1,0,,POINT (151639.0859999948 537952.8873999906)
7765,1610069000,104,삼목선착장지하차도북측,0,,POINT (151708.0479999897 544498.0220000051)
7766,1610069100,104,삼목선착장지하차도남측,0,,POINT (151735.9876999937 544156.6689999972)
7767,1610069200,106,운서동2851-56,0,,POINT (152745.3657999934 538227.1967999989)
7768,1610069300,104,IBC지하차도서측,0,,POINT (152894.7220999922 538153.9934000006)
7769,1610069400,104,IBC지하차도동측,0,,POINT (152985.5775999951 538217.9126999996)
7770,1610069500,101,운서동2847-1,0,,POINT (153733.530599996 538734.3746999926)
7771,1610069600,106,운서교차로,0,,POINT (153765.1565999984 544454.1079999906)
7772,1610069700,106,운북IC동측,1,,POINT (155498.8065999978 545410.8265000012)
7773,1610069800,102,검역탐지견센터,0,,POINT (155828.0460999983 546994.3160000041)
7774,1610069900,102,예단포1로6,0,,POINT (155833.298999994 547776.6026999952)
7775,1610070000,101,운북동1355-7,0,,POINT (155920.2147999992 547827.7995999949)
7776,1610070100,101,운북동933-78,1,,POINT (155930.6942999951 546979.5179999952)
7777,1610070200,101,운북동1354-17,0,,POINT (155942.4398999968 547794.8588999941)
7778,1610070300,101,운북동1357-19,0,,POINT (155977.3648999933 547813.9089999906)
7779,1610070400,101,운북동1355-7,0,,POINT (156005.1461999927 547876.2184999924)
7780,1610070500,102,예단포1로시점,0,,POINT (156009.7069999957 548063.6827999952)
7781,1610070600,101,운북동1358-7,0,,POINT (156026.1806999958 547842.8809000002)
7782,1610070700,101,예단포2로4,0,,POINT (156039.6743999948 547563.4803999919)
7783,1610070800,101,운북동1359-15,0,,POINT (156068.4974999944 547911.9704000008)
7784,1610070900,101,미단희망로1,0,,POINT (156069.8369999971 547661.9056000015)
7785,1610071000,101,미단소망로1,0,,POINT (156073.0119999935 547532.5239999976)
7786,1610071100,103,속성변화점,0,,POINT (156085.9725999986 547807.1028000006)
7787,1610071200,101,미단희망로2,0,,POINT (156086.9026999999 547689.6868999933)
7788,1610071300,101,운북동1368-2,0,,POINT (156106.4705999948 547408.3865999946)
7789,1610071400,101,예단포2로3,0,,POINT (156108.3339999995 547628.1710999956)
7790,1610071500,101,운북동1360-6,0,,POINT (156117.8589999969 547742.0744999928)
9308,1610105600,101,운서동2811-3,0,,POINT (154965.9117999974 544724.1442999947)
9309,1610105700,101,운서동2811-3,0,,POINT (155080.0979999969 544788.2654999897)
9310,1610105800,101,운서동2706-3,0,,POINT (155124.2116999996 544770.4561999977)
9311,1610105900,101,운서동2811-3,0,,POINT (155033.9460999967 544633.1443999965)
9312,1610106000,101,운서동2811-3,0,,POINT (155002.7899999997 544594.4700999985)
9313,1610106100,101,운서동2811-3,0,,POINT (154938.0962999991 544690.0762999981)
9314,1610106200,101,운서동2811-1,0,,POINT (154868.3689999944 544876.3428000017)
9315,1610106300,101,운서동2811-1,0,,POINT (154912.5717999933 544875.1787000009)
9316,1610106400,101,운서동2657-2,0,,POINT (154795.9893999995 544776.8543999948)
9317,1610106500,102,운서동2811-2,0,,POINT (154757.1413999935 544746.5460999988)
9318,1610106600,102,운서동2811-2,0,,POINT (154793.5280999978 544730.6266000012)
9319,1610106700,102,운서동2811-2,0,,POINT (154760.878799998 544824.2108000008)
9320,1610106800,102,운서동2811-1,0,,POINT (154765.5404999994 544868.5769999976)
9321,1610106900,102,운서동2811-1,0,,POINT (154834.3534999934 544921.8433999909)
9322,1610107000,102,운서동2811-1,0,,POINT (154829.0831999995 544969.0378999974)
9323,1610107100,102,운서동2811-1,0,,POINT (154747.3196999961 544973.1807999966)
9324,1610107200,102,운서동2811-1,0,,POINT (154828.1835999933 545006.9604999905)
9325,1610107300,102,운서동2811-1,0,,POINT (154883.4575999971 545009.4354999926)
9326,1610107400,102,운서동2811-1,0,,POINT (154914.5876999941 545043.4854000016)
9327,1610107500,102,운서동2811-1,0,,POINT (154952.1835999936 545046.9812999998)
9328,1610107600,102,운서동2811-1,0,,POINT (154916.5978999959 545006.4815999968)
9329,1610107700,102,운서동2811-1,0,,POINT (154917.4128999929 544952.8375000032)
9330,1610107800,102,운서동2811-1,0,,POINT (154869.6894999976 544916.103000003)
9331,1610107900,102,운서동2811-1,0,,POINT (154913.892199992 544914.9388999909)
9332,1610108000,102,운서동2811-1,0,,POINT (154865.9230999943 544832.889399997)
9333,1610108100,102,운서동2811-1,0,,POINT (154911.2413999969 544833.5688999944)
9334,1610108200,102,운서동2811-3,0,,POINT (154959.8402999929 544827.7571999936)
9335,1610108300,102,운서동2811-3,0,,POINT (154988.4456999968 544803.5572000021)
9336,1610108400,102,운서동2811-3,0,,POINT (155047.847399995 544751.4466000004)
9337,1610108500,102,운서동2811-3,0,,POINT (155076.4084999937 544718.9238000017)
157728,1610000100,106,인천국제공항공사진입로,1,,POINT (152649.9138999951 537978.3400999986)
157729,1610000101,101,운서동2850-10,1,,POINT (152617.6150999959 537956.2207999959)
157730,1610000102,101,운서동2850-10,1,,POINT (152208.1215999956 537955.9777999952)
157731,1610000103,101,운서동2850-10,1,,POINT (152577.5179999954 537932.9018999962)
157732,1610000104,101,운서동2850-10,1,,POINT (152427.7244999922 537910.9221000009)
157733,1610000105,101,합동청사역(인천자기부상),0,,POINT (152161.1447999994 537980.3111000026)
157734,1610000200,106,운서동2848,1,,POINT (153171.2733999944 538105.7569999998)
157735,1610000300,106,인천국제공항입구,1,,POINT (152657.3396999994 538438.3370000026)
157736,1610000500,101,운서동2851-55,0,,POINT (152542.7979999919 538555.6778999959)
157737,1610000600,106,신불IC남측,1,,POINT (154776.0691000009 539251.6603999966)
157738,1610000700,106,신불IC서측,0,,POINT (154509.1083999938 540084.4363999979)
157739,1610000800,106,신불IC북측,0,,POINT (154757.866999998 540396.5305999941)
157740,1610000900,101,신광사거리,1,,POINT (167798.0346999999 540618.1154999959)
157741,1610001000,101,신흥사거리,1,,POINT (167699.9762999938 540856.6973999924)
157742,1610001001,101,율목동행정복지센터,1,,POINT (167826.9279999952 541135.1900000018)
157743,1610001100,101,답동사거리,1,,POINT (167043.5534999975 541254.415699992)
157744,1610001101,101,경동사거리,1,,POINT (167178.4256999935 541495.8440999951)
157745,1610001200,101,신포사거리,1,,POINT (166725.2210999942 541266.2006999989)
157746,1610001201,101,해안동1가15,1,,POINT (166413.4089000002 541485.6358999938)
157747,1610001202,101,해안동2가11,0,,POINT (166517.363399998 541411.3414000017)
157748,1610001203,101,해안동3가4,0,,POINT (166626.5649999975 541333.2957999979)
157749,1610001500,101,제물진두순교성지,0,,POINT (166221.4605999965 541622.8168999987)
157750,1610001600,101,인천역사거리,1,,POINT (166165.1400999947 541824.2963999939)
157751,1610001700,101,인천역2번출구,0,,POINT (166163.345099994 542018.6731999989)
157752,1610001800,101,선광아파트,0,,POINT (166196.4361999929 542153.050699994)
157753,1610001900,101,인천동화마을공영주차장,0,,POINT (166248.1669999953 542242.2807999949)
157754,1610002000,101,만석고가교,0,,POINT (166405.1094999994 542389.781999999)
157755,1610002100,106,공항신도시IC남측,1,,POINT (154637.2843999928 542707.2619999957)
157756,1610002200,106,공항신도시IC서측,1,,POINT (154478.9837000008 543250.4982000014)
157757,1610002300,106,공항신도시IC북측,1,,POINT (155047.8320999959 543437.1402999979)
157758,1610002400,104,삼목지하차도남측,0,,POINT (154128.5336999974 543700.0085999912)
157759,1610002500,101,삼목1사거리,1,,POINT (154002.5092999931 543877.2635999984)
157760,1610002800,106,운북IC서측,0,,POINT (154861.5458999944 545196.1166999902)
157761,1610002900,106,공항입구IC서측,0,,POINT (156126.4122999983 545376.4339999934)
157762,1610003000,106,공항입구IC,0,,POINT (156894.8069999968 545423.3522999964)
157763,1610003100,104,영종대교,1,,POINT (161114.2441999981 548510.5795000014)
157764,1610003200,101,영종해안남로2,1,,POINT (149122.7451999881 536189.0460999954)
157765,1610003400,101,내외정보통신신도림테크,0,,POINT (151872.914399993 536778.1691999956)
157766,1610003401,101,운서동2854-5,0,,POINT (153208.9620999983 537712.0634999989)
157767,1610003500,103,속성변화점,0,,POINT (151586.3173999934 538082.9400999963)
157768,1610003700,101,운서동2850-10,1,,POINT (152013.9800999973 538145.7276999926)
157769,1610003800,101,운서동2851-22,0,,POINT (151710.057999996 538166.9018999974)
157770,1610003900,101,운서동2851-22,0,,POINT (151733.3460999957 538214.5486999971)
157771,1610004000,101,운서동2851,0,,POINT (151464.2551999993 538217.9451999974)
157772,1610004200,101,운서동2851-22,1,,POINT (151301.1267999927 538284.8249999982)
157773,1610004300,101,LG유플러스,0,,POINT (151903.8067999932 538301.8815000036)
157774,1610004400,101,LG유플러스,1,,POINT (151887.5014999958 538324.4442999962)
157775,1610004600,101,천일택배동인천영업소,1,,POINT (164558.3034999962 538431.5825999968)
157776,1610004601,101,항동7가82-3,0,,POINT (164878.829399996 538388.2105999935)
157777,1610004602,101,항동7가72,0,,POINT (164387.9481999957 538681.2341999958)
157778,1610004700,101,장기주차장역4번출구,1,,POINT (151797.2296999985 538451.7381000011)
157779,1610004800,101,운서동2851-22,0,,POINT (152180.569100001 538527.5471999905)
157780,1610004900,101,운서동2851,0,,POINT (151344.7265999947 538528.1889999956)
157781,1610005000,101,운서동2851-22,0,,POINT (152252.9117999978 538546.6115999954)
157782,1610005100,101,운서동2851,0,,POINT (151446.0440999905 538566.1123999943)
157783,1610005200,101,속성변화점,0,,POINT (152490.6420999981 538635.3297999899)
157784,1610005300,101,연안119안전센터,0,,POINT (165014.2573999981 538674.782599996)
157785,1610005400,101,인천공항1터미널역2번출구,1,,POINT (151638.824599996 538690.8628999967)
157786,1610005500,101,GS25인천국제공항2호점,0,,POINT (151311.7307999945 538707.9513999938)
157787,1610005600,101,에덴펜션,0,,POINT (152183.3931999959 538721.5120999962)
157788,1610005700,103,속성변화점,0,,POINT (164387.0253999986 538744.2810000001)
157789,1610005800,101,인천국제공항,1,,POINT (152342.4089999942 538750.1945999949)
157790,1610005900,101,청해수산,1,,POINT (164752.497199997 538813.3516000018)
157791,1610005901,101,항동7가107-1,1,,POINT (164835.4353999941 538973.7173000026)
157792,1610006000,101,운서동2851,0,,POINT (151840.9561999915 538843.6826999915)
157793,1610006100,102,운서동2851,0,,POINT (151831.5435999936 538931.3921999974)
157794,1610006200,101,개항탑사거리,1,,POINT (166780.1120999971 538970.5069999956)
157795,1610006300,101,대일유통,1,,POINT (164383.2761999957 539000.1227999985)
157796,1610006400,101,준서예건,0,,POINT (165188.1587999995 539001.6795999878)
157797,1610006500,101,푸드엠파이어인천공항동편점,0,,POINT (151717.1138999994 539006.2100999978)
157798,1610006600,101,하이그린산업,0,,POINT (164921.1796999938 539139.5054999993)
157799,1610006700,101,시몬수산,0,,POINT (165355.0167000001 539328.286799997)
157800,1610006900,101,인천항연안여객터미널,1,,POINT (164460.5173999957 539388.7744000003)
157801,1610007000,101,신용보증기금인천지점,1,,POINT (167015.9045999951 539424.537699996)
157802,1610007100,101,어시장사거리,1,,POINT (165085.9654999962 539471.9222999981)
157803,1610007200,101,천수공간공원삼거리,1,,POINT (164815.5077999989 539610.3006999927)
157804,1610007300,101,항동7가27-184,1,,POINT (165496.8003999972 539611.6460999975)
157805,1610007500,101,운서동2854-1,0,,POINT (155175.2030999958 539730.6487000003)
157806,1610007600,101,인천활어도매종합센타사거리,1,,POINT (165230.5489999941 539753.3648999895)
157807,1610007700,101,운서동2846-3,1,,POINT (154955.6857999934 539808.6270999999)
157808,1610007800,101,연안사거리,1,,POINT (165082.1353999975 539832.8498000038)
157809,1610007900,102,옹진수협냉동냉장창고,0,,POINT (164271.7934999995 539916.1751999903)
157810,1610008000,101,인천항사거리,1,,POINT (167285.6132999958 539929.4360999953)
157811,1610008100,104,인천항고가차도북측,0,,POINT (167429.2218999934 540254.100199996)
157812,1610008200,103,속성변화점,0,,POINT (168072.4748999998 540497.7883999906)
157813,1610008300,101,수인사거리,1,,POINT (167617.3064999946 540675.8778999955)
157814,1610008301,101,신흥동1가99,1,,POINT (167286.1651999945 540767.5202999983)
157815,1610008302,101,신흥동1가99,0,,POINT (167327.1027999962 540758.3882000019)
157816,1610008400,101,사동삼거리,1,,POINT (166839.8711999955 541018.9251999905)
157817,1610008500,103,속성변화점,0,,POINT (164891.0992999961 541068.9495999919)
157818,1610008600,101,도원사거리,1,,POINT (168312.7856999938 541088.1905000007)
157819,1610008700,103,속성변화점,0,,POINT (164782.1101999944 541151.2674999948)
157820,1610008800,103,속성변화점,0,,POINT (164595.8130999959 541156.4063999923)
157821,1610008801,101,베니키아더블리스호텔,0,,POINT (164464.6555999971 541582.7955999959)
157822,1610008900,101,신포역2번출구,1,,POINT (166654.4844999973 541166.777399992)
157823,1610008901,101,항동4가33,1,,POINT (166347.009499996 541391.9325999945)
157824,1610009000,101,유동삼거리,0,,POINT (167921.0230999969 541340.3992000029)
157825,1610009200,103,속성변화점,0,,POINT (167190.5102999946 541518.6550999996)
157826,1610009300,101,배다리사거리,1,,POINT (167726.4912999939 541538.2041999971)
157827,1610009400,103,속성변화점,0,,POINT (167756.1420999989 541547.5719999991)
157828,1610009500,104,우회고가교,0,,POINT (166100.1769999928 541566.840399994)
157829,1610009600,101,기념탑교회,1,,POINT (166021.3194999992 541653.9203999951)
157830,1610009700,101,우회고가사거리,0,,POINT (166026.9545999998 541793.8857999991)
157831,1610009800,101,동인천역앞교차로,0,,POINT (167378.3279999938 541816.1235999968)
157832,1610009900,101,월미도교회,0,,POINT (164571.3977999981 541818.3181999993)
157833,1610010000,101,인천국제공항제2여객터미널,0,,POINT (149441.7728999952 541823.1847999983)
157834,1610010100,101,월미도해양관광뉴코스모스호,0,,POINT (164497.3278999989 541835.5941000049)
157835,1610010101,101,북성동1가98-6,0,,POINT (164528.6454999961 542051.949799999)
157836,1610010200,101,운남동1640-1,0,,POINT (158690.3617999991 541841.7692999975)
157837,1610010300,101,우회고가사거리,1,,POINT (166038.0642999937 541854.2185999946)
157838,1610010400,101,티토크,0,,POINT (166345.1212999979 541907.6864)
157839,1610010500,102,운서동2840,0,,POINT (151503.0835999954 541909.6177999965)
157840,1610010600,101,대한제당인천제당공장,0,,POINT (165209.4047999986 541983.2642999915)
157841,1610010700,101,비둘기어린이집,0,,POINT (166449.7337999946 541990.6622999961)
157842,1610010800,101,생과일모찌카페,1,,POINT (167330.3872999989 542004.9858000007)
157843,1610010900,101,대한제분본사,0,,POINT (166528.6610999992 542010.1007999971)
157844,1610011000,101,W호텔,0,,POINT (164605.3598999974 542069.4466000028)
157845,1610016200,101,연세스터디,0,,POINT (154466.5059999963 544294.6660999936)
157846,1610011100,101,인천꽃동네회관,0,,POINT (166323.2780999989 542081.9858999954)
157847,1610011200,103,속성변화점,0,,POINT (164657.9241999988 542082.5768999956)
157848,1610011300,101,송월목양교회,0,,POINT (166331.4199000001 542116.4775999922)
157849,1610011400,101,북성교회,0,,POINT (166240.4116999944 542133.3833000014)
157850,1610011500,101,대한제분종합연구소,1,,POINT (166089.7602999956 542143.8455999969)
157851,1610011600,101,송월목양교회,0,,POINT (166346.4939999956 542165.3246999966)
157852,1610011700,101,월미도입구교차로,0,,POINT (165877.2883999945 542182.5745999959)
157853,1610011800,103,속성변화점,0,,POINT (151920.5647000003 542199.5563999959)
157854,1610011900,101,송월목양교회,1,,POINT (166282.9500999971 542211.3889999968)
157855,1610012000,101,화평운교사거리,0,,POINT (167086.2883000004 542238.5136999938)
157856,1610012100,101,장엄사,0,,POINT (166373.7128999983 542277.6641000005)
157857,1610012200,101,전동감리교회,1,,POINT (166984.6031999968 542294.7158999929)
157858,1610012300,101,운서동2858-2,0,,POINT (152057.8772000007 542295.9588999985)
157859,1610012301,101,운서동2861-23,1,,POINT (152403.5158999943 542538.6236999984)
157860,1610012400,101,인천자율방범대,0,,POINT (166525.0163 542304.7844999961)
157861,1610012500,101,수협은행송월동지점,0,,POINT (166458.6649999983 542364.0698999997)
157862,1610012600,101,만석고가교,0,,POINT (166437.7887999934 542400.6624000015)
157863,1610012700,102,항공기상청,0,,POINT (151132.3391999923 542449.9247999918)
157864,1610012701,101,운서동2840-14,0,,POINT (151240.9338999938 542524.9071999937)
157865,1610012800,103,속성변화점,0,,POINT (161759.8208999921 542601.8941999986)
157866,1610012900,102,운서동2840,0,,POINT (150986.2136999926 542678.8926999946)
157867,1610013000,101,운서동2861-17,1,,POINT (152658.115899996 542717.3731999971)
157868,1610013100,101,운서동2840-12,0,,POINT (151683.8906999965 542830.7658999988)
157869,1610013200,101,운서동2840-12,0,,POINT (151273.9445999928 542885.1022999965)
157870,1610013201,101,운서동2833-6,0,,POINT (150520.4501999944 543957.1812999992)
157871,1610013202,101,운서동2833-6,0,,POINT (150661.0482999957 543758.3749000008)
157872,1610013203,101,운서동2833-6,0,,POINT (150728.2293999896 543660.3525000012)
157873,1610013204,101,운서동2833-6,0,,POINT (150948.2238999943 543347.8943000033)
157874,1610013300,102,영종해안남로1,0,,POINT (162221.6293999999 543054.4111999933)
157875,1610013400,101,GS주유소국제공항터미널,1,,POINT (152285.143399998 543246.6533999988)
157876,1610013500,103,속성변화점,0,,POINT (154672.1942999969 543512.0011999963)
157877,1610013501,101,운서동2821,0,,POINT (154444.8918999966 543672.7843999984)
157878,1610013800,101,흰바위사거리,1,,POINT (155022.2472999989 543723.039299991)
157879,1610013801,101,운서동2821,1,,POINT (155100.0289999997 543852.7760999956)
157880,1610014000,101,흰바위사거리,1,,POINT (154932.5349999974 543776.1829999951)
157881,1610014100,101,예현교회,0,,POINT (154727.0895999965 543793.7625999998)
157882,1610014101,101,운서동행정복지센터,1,,POINT (154728.4557999968 543848.6904999969)
157883,1610014200,101,눈돌사거리,1,,POINT (154451.1690999934 543802.3780999921)
157884,1610014300,101,운서역1번출구,0,,POINT (155144.7783999971 543927.6010999943)
157885,1610014400,101,KB국민은행인천공항신도시지점,0,,POINT (155074.3366999993 543947.1718999944)
157886,1610014500,101,삼목교차로,1,,POINT (151758.7786999941 543880.8301999957)
157887,1610014600,101,영종교회,1,,POINT (154939.5896999982 543951.6254000013)
157888,1610014601,101,운서동행정복지센터,0,,POINT (154785.9913999963 543956.7022999977)
157889,1610014602,101,허브허브호텔,1,,POINT (154881.0130999977 543953.5613999958)
157890,1610014700,101,운서119안전센터,0,,POINT (154731.1885999955 543958.5138999926)
157891,1610014800,103,속성변화점,0,,POINT (154456.0290000002 543999.1080999949)
157892,1610014900,101,제우메스호텔,1,,POINT (155190.1674999969 544005.9835000004)
157893,1610015000,101,한우리교회,1,,POINT (154226.7199999989 544031.6620999912)
157894,1610015100,101,더호텔영종,0,,POINT (155073.7471999964 544034.0640999962)
157895,1610015200,101,사랑의교회,1,,POINT (154943.4742999968 544037.712900004)
157896,1610015300,101,영종국제하모니교회,1,,POINT (154733.3066999976 544043.6016000028)
157897,1610015400,101,제우메스호텔,0,,POINT (155201.7802999988 544071.735399996)
157898,1610015500,101,은골사거리,1,,POINT (154945.3144999955 544094.3398000023)
157899,1610015501,101,운서동2814,0,,POINT (154951.1449999948 544248.9029999969)
157900,1610015600,101,영종도서관,1,,POINT (154734.6790999983 544098.7809999962)
157901,1610015700,101,공원사거리,1,,POINT (154459.4920999921 544110.8054999952)
157902,1610015800,101,중산교차로,1,,POINT (160195.9601999971 544098.927700002)
157903,1610015900,101,돌핀부두교차로,0,,POINT (150746.3068999893 544192.353299994)
157904,1610016000,101,운서동2833-6,0,,POINT (150335.3352999941 544233.1501999976)
157905,1610016100,101,용유IC북측,0,,POINT (150324.9954999935 544394.3348999999)
157906,1610016400,106,운서IC남측,1,,POINT (153800.1204999984 544201.6197999949)
157907,1610016500,103,속성변화점,0,,POINT (154471.1996999974 544415.6419999985)
157908,1610016501,101,운서동2814,0,,POINT (154476.410099999 544546.5876999985)
157909,1610016502,101,운서동2814,0,,POINT (154625.2442999932 544692.3147000051)
157910,1610016600,103,속성변화점,0,,POINT (160521.747999997 544439.072699995)
157911,1610016700,106,운서IC서측,1,,POINT (153138.6138999975 544436.6655000027)
157912,1610016800,104,삼목교,0,,POINT (153358.0076999959 544455.4260000049)
157913,1610016900,101,가정식당,0,,POINT (154961.3889999984 544531.2570000001)
157914,1610017000,103,속성변화점,0,,POINT (154907.0629000001 544653.2012999915)
157915,1610017001,101,운서동2814,0,,POINT (154823.8216999992 544682.729099997)
157916,1610017100,103,속성변화점,0,,POINT (154653.0677999926 544691.1912000005)
157917,1610017200,106,운북IC북측,0,,POINT (155358.3856999946 545653.4656000019)
157918,1610017300,102,인천소방항공대,0,,POINT (155724.3576999978 546955.4727999929)
157919,1610017500,101,운남동1494-3,0,,POINT (156289.5424999966 540810.256900002)
157920,1610017600,106,영종IC,0,,POINT (156325.9840999994 541263.8850999963)
157921,1610017700,104,인천대교TG,0,,POINT (156910.6334999949 541293.2408999933)
157922,1610017800,106,운남동1113-31,1,,POINT (156723.9349999956 541341.4115999975)
157923,1610017900,106,영종IC,0,,POINT (156210.3027999987 541514.3789000021)
157924,1610018000,106,영종IC동측,0,,POINT (156723.6052999949 541526.901899989)
157925,1610018100,106,영종IC서측,0,,POINT (155956.4353000002 542135.2715999899)
157926,1610018200,106,공항신도시JC도윽,1,,POINT (155255.7272999965 542655.3891000045)
157927,1610018300,103,속성변화점,0,,POINT (154814.8847999948 542981.2150999923)
157928,1610018600,101,인천수협용유지점,0,,POINT (148857.6414999925 536412.7961)
157929,1610019100,101,내트럭하우스인천사업소,0,,POINT (166655.5017999938 537059.6293999978)
157930,1610019200,101,속성변화점,1,,POINT (165870.5548999975 537066.0480999961)
157931,1610019300,101,신흥동3가39-29,1,,POINT (166772.1995999961 537296.1682999922)
157932,1610019400,101,남항교차로,1,,POINT (166112.4487999982 537637.1263000043)
157933,1610019500,103,속성변화점,0,,POINT (145061.5172999913 538004.9204999937)
157934,1610019600,101,덕교삼거리,0,,POINT (147307.4941999941 538011.7289999916)
157935,1610019700,101,외딴섬조개구이,0,,POINT (145810.4842999898 538086.8251999995)
157936,1610019800,101,실미도회조개구이,1,,POINT (145703.823799993 538103.5172999995)
157937,1610019900,101,선녀바위카페,0,,POINT (144955.9123999959 538135.597)
157938,1610020000,101,입구지민박,0,,POINT (145913.4384999897 538226.3076000045)
157939,1610020200,101,자갈치민박,0,,POINT (151813.5367999978 538271.0308999934)
157940,1610020300,102,장기주차장역3번출구,0,,POINT (151783.5603000009 538313.1532999949)
157941,1610020500,101,산마루관광호텔,0,,POINT (145052.0453999895 538364.1946999909)
157942,1610020600,101,호성이네회센타,0,,POINT (146011.0106999912 538391.4071000005)
157943,1610020800,103,속성변화점,0,,POINT (146025.114099989 538452.8506000011)
157944,1610020900,101,예림교회,0,,POINT (145085.3158999926 538489.7556999996)
157945,1610021000,101,미니스톱을왕해변점,0,,POINT (144831.2135999906 538552.334999991)
157946,1610021100,101,운서동2848,0,,POINT (154239.0032999959 538514.6505999905)
157947,1610021200,101,예일환경,0,,POINT (154352.093899995 538515.5514999967)
157948,1610021300,101,운서동2851,0,,POINT (152464.3276999966 538575.8723999938)
157949,1610021500,101,동양염전,1,,POINT (146354.5830999935 538762.4313000006)
157950,1610021600,101,동양염전,0,,POINT (146365.3373999925 538784.436899995)
157951,1610021700,103,속성변화점,0,,POINT (146495.4421999922 538793.9090999955)
157952,1610021900,101,프랑세즈단팥빵,1,,POINT (145899.693199995 538899.2592999907)
157953,1610022100,101,스카이,0,,POINT (146102.6386999899 538936.3821999897)
157954,1610022600,102,운서동2851-19,0,,POINT (152692.9474999976 540218.0917999985)
157955,1610022800,101,운서동2842,1,,POINT (154170.106099994 540561.3730999958)
157956,1610023000,101,운서동2842,1,,POINT (153837.9243999948 541031.9489000035)
157957,1610023100,102,운서동2859-1,0,,POINT (152101.0252999971 541068.6602999892)
157958,1610023200,101,진등교,0,,POINT (154411.6303999938 541736.7583000005)
157959,1610023300,101,삼천리CNG충전소인천월미,0,,POINT (165162.3258999957 541791.8742999961)
157960,1610023400,101,자유무역지역사거리,1,,POINT (153250.4815999948 541870.8846999955)
157961,1610023500,101,우회고가사거리,1,,POINT (165999.7678999967 541864.6505999966)
157962,1610023600,101,운남119안전센터,0,,POINT (165100.5766000003 541965.4849999972)
157963,1610023601,101,북성동1가98-65,0,,POINT (164769.0616999943 542132.9991999934)
157964,1610023700,101,그랜드프라자,0,,POINT (151536.0203999903 542486.8584999925)
157965,1610023701,101,운서동2840-11,0,,POINT (151649.0253999963 542564.0510999934)
157966,1610023800,102,공항동로1,0,,POINT (154502.4494999938 541792.5554000041)
157967,1610023900,101,운서동2840-14,0,,POINT (151426.3202999933 542651.6966000017)
157968,1610023901,101,운서동2840-14,0,,POINT (151531.0258999971 542725.2104999982)
157969,1610024000,101,운서동2840-12,0,,POINT (151798.6291999937 542667.0860999926)
157970,1610024900,101,운남동1550,0,,POINT (158694.3686999987 543406.9685999993)
157971,1610025300,101,운남동1515,1,,POINT (158864.0185000003 543891.9656000028)
157972,1610025301,101,운남동123-3,0,,POINT (159212.7947999981 543855.9978)
157973,1610025400,106,화물터미널IC동측,1,,POINT (151647.1331999975 544389.5382999956)
157974,1610025600,106,운서IC동측,0,,POINT (154096.6633999934 544780.9072999912)
157975,1610025800,103,속성변화점,0,,POINT (159342.1358999974 545076.1808000002)
157976,1610025801,101,잔다리삼거리,0,,POINT (159109.071799993 545081.01189999)
157977,1610025900,101,신일교,0,,POINT (157334.1836999949 545653.072499998)
157978,1610026000,101,금산IC,0,,POINT (158034.5863999956 545765.7966999955)
157979,1610026100,101,금산IC,0,,POINT (157959.103000001 545767.6543999988)
157980,1610026200,103,속성변화점,0,,POINT (157236.8165999949 545795.5359999995)
157981,1610026300,101,운북동1368-3,1,,POINT (157922.9259999988 545717.6298000031)
157982,1610026500,101,운북동94-25,0,,POINT (158055.8304999992 545851.3699999935)
157983,1610026600,101,두레미술학원,0,,POINT (158366.8932999969 546051.5139999975)
157984,1610026800,102,운북동457-32,0,,POINT (158323.2017999961 546122.563099994)
157985,1610026900,101,미단중앙로17,0,,POINT (158783.7937999974 546281.6572999943)
157986,1610027100,103,속성변화점,0,,POINT (156639.7665999974 546336.1611999992)
157987,1610027300,101,영종순환로1,0,,POINT (155908.9941999981 546811.0968999978)
157988,1610028900,101,인천항고가교남측,0,,POINT (166146.475899995 537711.7088000001)
157989,1610030900,104,인천터널남측,0,,POINT (167528.3813999969 540485.1264999934)
157990,1610031000,101,을왕동893-67,0,,POINT (143690.087899993 540272.2632999945)
157991,1610031100,102,을왕동810-262,0,,POINT (144073.0348999909 540091.7337999999)
157992,1610031200,101,을왕동810-256,0,,POINT (144086.0494999918 540185.2505999964)
157993,1610031300,102,위너스관광호텔,0,,POINT (144108.6029999957 540337.8996999918)
157994,1610031400,102,탐앤탐스왕산해수욕장점,0,,POINT (144379.6541999902 539783.2952999996)
157995,1610031500,101,왕산마리나길시점,0,,POINT (144418.7559999936 540279.9019999991)
157996,1610031600,101,투썸플레이스왕산해수욕장점,1,,POINT (144427.2792999923 539783.295299995)
157997,1610031700,102,인천비치관광호텔,0,,POINT (144434.6876999921 539312.2698000014)
157998,1610031800,101,세븐일레븐을왕제일점,0,,POINT (144464.3371999899 539352.5387000006)
157999,1610031900,102,카리브관광호텔,0,,POINT (144499.9075999877 539122.8277999972)
158000,1610032000,102,세븐일레븐을왕제일점,0,,POINT (144506.4560999906 539353.6110999926)
158001,1610032100,104,왕산교,0,,POINT (144520.9275999922 541467.0259000034)
158002,1610032200,101,CU을왕영심이점,1,,POINT (144522.7940999895 539134.2048999926)
158003,1610032300,102,CU을왕영심이점,0,,POINT (144561.4233999954 539146.2434999991)
158004,1610032400,104,왕산교동측,0,,POINT (144614.0610999941 541534.362499998)
158005,1610032500,101,부동산마스터,1,,POINT (144647.1693999943 540943.1587000008)
158006,1610032700,101,용유중앙교회,1,,POINT (144745.1767999929 538653.3236999924)
158007,1610032800,102,용유중앙교회,0,,POINT (144782.0862999886 538660.4674999904)
158008,1610032900,103,속성변화점,0,,POINT (145676.1900999942 539792.1809000003)
158009,1610033000,101,을왕동976-8,0,,POINT (146146.0794999933 539444.743499991)
158010,1610033100,103,속성변화점,0,,POINT (146348.049099993 538922.1180999978)
158011,1610033200,101,운서동2957-1,0,,POINT (147078.434199992 540676.6418999938)
158012,1610033300,101,남북동981-5,0,,POINT (147136.4725999926 540212.1196000009)
158013,1610033400,101,남북동950-15,0,,POINT (147344.2029999894 538256.8682999944)
158014,1610033500,103,속성변화점,0,,POINT (147707.4122999929 538587.0460999992)
158015,1610033600,101,남북로2,1,,POINT (147875.8819999944 538755.1259999947)
158016,1610033700,103,속성변화점,0,,POINT (147954.2964999928 538668.9329999934)
158017,1610033800,103,속성변화점,0,,POINT (148079.4097999891 538854.2751999896)
158018,1610033900,104,오성산생태통로북서측,0,,POINT (148219.9733999913 538383.0548999973)
158019,1610034000,103,속성변화점,0,,POINT (148342.8029999902 538997.01819999)
158020,1610034100,104,오성산생태통로남동측,0,,POINT (148381.1048999915 538215.5732999983)
158021,1610034200,101,남북동981-13,0,,POINT (148750.3679999892 539398.6036)
158022,1610034300,104,공뎅이생태통로북서측,0,,POINT (148828.0531999949 537679.8240999898)
158023,1610034400,104,공뎅이생태통로남동측,0,,POINT (148886.9230999907 537611.6936999928)
158024,1610034500,102,세신교회,0,,POINT (148893.2855999956 536541.1832999936)
158025,1610034600,101,용유로10,0,,POINT (148909.1606999886 536442.9565999972)
158026,1610034700,101,용유로9,1,,POINT (148922.389799992 536535.2302000003)
158027,1610034800,101,속성변화점,0,,POINT (148948.7501999918 536635.7903999995)
158028,1610034900,101,용유로11,1,,POINT (148994.4889999966 536238.565500002)
158029,1610035000,102,영종해안남로1,0,,POINT (149147.947599995 536216.4066000032)
158030,1610035100,101,용유로4,0,,POINT (149208.6041999989 537063.0525999968)
158031,1610035200,102,용유로5,0,,POINT (149236.782399993 537026.1431999942)
158032,1610035300,101,운서동2853-2,0,,POINT (149821.5180999884 537449.2467000015)
158033,1610035400,103,속성변화점,0,,POINT (151268.4595999927 536563.1728000011)
158034,1610035500,101,운서동2851-12,1,,POINT (151778.1554999958 536907.6963999966)
158035,1610035600,102,모랫말로5,0,,POINT (155086.2398999922 543199.94939999)
158036,1610035700,101,모랫말로4,0,,POINT (155115.5198999942 543185.5301999975)
158037,1610035800,102,모랫말로3,0,,POINT (155137.9453999991 543305.046200005)
158038,1610035900,101,모랫말로2,0,,POINT (155171.9257999961 543284.2635000015)
158039,1610036000,101,흰바위로1,1,,POINT (155292.1418999949 543568.0517999973)
158040,1610036001,101,운서동1427-45,0,,POINT (155109.022599995 543673.2073000028)
158041,1610036100,103,속성변화점,0,,POINT (155337.8792999984 543780.7783999927)
158042,1610036200,101,호텔레전드,1,,POINT (155357.1357999975 543679.8131999987)
158043,1610036300,101,모랫말로1,0,,POINT (155364.1311999925 543394.9446999911)
158044,1610036400,101,운북동779-2,0,,POINT (155384.5094999962 545732.0050999928)
158045,1610036500,101,스카이시티자이모델하우스,1,,POINT (155429.7605999925 543802.2301999992)
158046,1610036600,102,약초마을영종도점,0,,POINT (155433.963199995 543349.0134999979)
158047,1610036700,101,햇내로시점,1,,POINT (155457.3454999994 543471.2983000031)
158048,1610036800,101,스카이시티자이모델하우스,1,,POINT (155502.954799995 543925.2522000029)
158049,1610036900,101,햇내로1,1,,POINT (155522.6535999992 543583.0591999991)
158050,1610037000,101,흰바위로2,1,,POINT (155563.6546999958 543364.8957999905)
158051,1610037100,101,운서동3159,1,,POINT (155595.2852 543707.0621999961)
158052,1610037200,101,운서동3161-3,0,,POINT (155644.5055999973 543107.3991999977)
158053,1610037300,102,운북동1338-5,0,,POINT (155651.4602999991 545137.7914999991)
158054,1610037400,101,운서역더타임,1,,POINT (155652.9316999991 543507.0959999886)
158055,1610037500,102,운북동1338-5,0,,POINT (155657.9689999977 545288.4455999975)
158056,1610037600,101,메가박스영종,1,,POINT (155671.3967999969 543832.1655000014)
158057,1610037700,101,운서동3161-3,0,,POINT (155676.1662999997 542772.1171999922)
158058,1610037800,102,화랑목로2,0,,POINT (155698.1462999966 543953.823000002)
158059,1610037900,102,하늘누리로1,0,,POINT (155709.4608999931 542263.7735999984)
158060,1610038000,101,지엘시티호텔인천공항점,1,,POINT (155723.6618999992 543629.921699996)
158061,1610038100,102,운북동779-154,0,,POINT (155725.5436999955 544949.6723999971)
158062,1610038200,101,샷업엔테익커피,0,,POINT (155732.3174999964 543933.1650000021)
158063,1610038300,101,운북동1350,0,,POINT (155746.0753999954 545130.2244000038)
158064,1610038400,101,운북동1350,0,,POINT (155753.616099998 545284.3444999951)
158065,1610038500,101,운북동1348,1,,POINT (155780.3390999965 545681.1144999898)
158066,1610038600,103,속성변화점,0,,POINT (155794.0488999932 543514.7429999936)
158067,1610038700,101,더예스오션,1,,POINT (155797.7672999944 543755.905999992)
158068,1610038800,101,운북동1350,0,,POINT (155809.7078999949 544974.3844999968)
158069,1610038900,101,운북동1348,1,,POINT (155821.0893999937 545978.1032999968)
158070,1610039000,101,운북동779-103,0,,POINT (155869.2346999954 545123.8654999953)
158071,1610039100,102,영종순환로3,0,,POINT (155876.1227999992 545974.0021999981)
158072,1610039200,101,운서동3164,1,,POINT (155877.273199998 542475.1760999968)
158073,1610039300,101,운북동779-14,0,,POINT (155878.1027999963 545274.9517999974)
158074,1610039400,103,속성변화점,0,,POINT (155880.2190999975 542875.4169999982)
158075,1610039500,101,운북동779-17,0,,POINT (155891.2569999986 545666.8204000043)
158076,1610039600,102,운남동1600-13,0,,POINT (155909.0233000003 542380.7196999927)
158077,1610039700,101,운남동1598-20,1,,POINT (155944.7420999923 542426.3603999992)
158078,1610039800,101,햇내로3,0,,POINT (155947.1595999962 544297.629299995)
158079,1610039900,102,운북동656-19,0,,POINT (155947.6133999962 545659.6765999994)
158080,1610040000,103,속성변화점,0,,POINT (155965.8270999932 544724.6043000008)
158081,1610040100,102,화랑목로1,0,,POINT (155970.0522999984 544573.7649000034)
158082,1610040200,101,햇내로4,1,,POINT (156013.0868999948 544579.8238999982)
158083,1610040300,101,힘내라한의원,0,,POINT (156069.2650999959 544227.2500000031)
158084,1610040400,101,운서동3157-3,1,,POINT (156097.8787999983 543290.7943999963)
158085,1610040500,101,젓개로시점,0,,POINT (156132.4339999938 545131.2165999908)
158086,1610040600,101,운서동3051-33,0,,POINT (156172.7234999995 544600.2232999922)
158087,1610049800,103,속성변화점,1,,POINT (160421.9708999997 543506.368699997)
158088,1610040700,101,GS주유소허브제2셀프,1,,POINT (156196.3701999929 543045.7236000043)
158089,1610040800,101,운북동646-1,0,,POINT (156222.9547999957 545203.0511999943)
158090,1610040900,102,하늘문화로1,0,,POINT (156227.6637999927 541349.2967999986)
158091,1610041000,101,운서동3156,0,,POINT (156279.1545999942 543522.3769999978)
158092,1610041100,102,운남동1600-13,0,,POINT (156284.4677999987 542094.9691000025)
158093,1610041200,101,운서동460-3,0,,POINT (156297.9703999978 543085.6758000019)
158094,1610041300,101,운서동3157-3,1,,POINT (156301.872999996 542785.9023000007)
158095,1610041400,101,운서동3156,0,,POINT (156318.842199997 543380.2953999955)
158096,1610041500,101,운남동1789,0,,POINT (156322.1709999971 542137.8316999966)
158097,1610041600,103,속성변화점,0,,POINT (156339.876599998 543720.0210999995)
158098,1610041700,101,운서동3236,0,,POINT (156371.4281999996 543261.2326999931)
158099,1610041800,101,운남동1768,1,,POINT (156383.8939999944 542592.7561000035)
158100,1610041900,101,운서동3156,0,,POINT (156405.7579999947 543936.7152999906)
158101,1610042000,101,넙디노동상담소,0,,POINT (156408.7153999944 542870.2284999883)
158102,1610042100,101,운서동2934-1,0,,POINT (156434.1153999933 542890.7337999957)
158103,1610042200,102,세븐일레븐인천하늘고점,0,,POINT (156441.8736999925 544053.7937000002)
158104,1610042400,103,속성변화점,0,,POINT (156475.6080999975 543283.7222999891)
158105,1610042500,101,운서동2929-3,0,,POINT (156513.4738999988 542756.4011999912)
158106,1610042600,101,운남동1789,0,,POINT (156656.671099997 541884.7737000027)
158107,1610042700,101,운남동1768,1,,POINT (156825.1668999942 542089.5176000032)
158108,1610042800,103,속성변화점,0,,POINT (156882.2773999954 542724.1781999964)
158109,1610042900,104,지하차도,0,,POINT (156949.3782999958 541610.6045000013)
158110,1610043000,101,그린나래지하차도,1,,POINT (157150.2677999948 541842.7456999992)
158111,1610043100,102,큰말로4,0,,POINT (157175.4031999935 541281.2986999981)
158112,1610043200,101,운남동1771,0,,POINT (157190.7491000002 541316.2237999972)
158113,1610043300,102,용수말로2,0,,POINT (157206.1479000013 541418.8823999978)
158114,1610043400,101,운남동1772,0,,POINT (157230.7283999984 541408.6433999968)
158115,1610043500,102,용수말로1,0,,POINT (157255.3604999939 541398.0860999916)
158116,1610043600,101,운남동1772,0,,POINT (157302.9325999997 541581.3367999947)
158117,1610043700,104,지하차도,0,,POINT (157353.7486999927 542067.1888999967)
158118,1610043800,101,해수피아이발,1,,POINT (157354.2618999931 541706.7495999911)
158119,1610043900,101,운남동1770-3,0,,POINT (157355.485599995 542490.0214999955)
158120,1610046800,101,운남동1768,1,,POINT (158693.4001999937 542122.2829999962)
158121,1610046900,101,운남동1785,0,,POINT (158693.4001999942 542405.9168999892)
158122,1610047000,101,푸른나래지하차도,1,,POINT (158694.4584999968 542676.8507000023)
158123,1610047100,101,운남동314,0,,POINT (158698.210699997 543142.3365999968)
158124,1610047200,101,숲쟁이로종점,0,,POINT (158698.9234000001 542937.6972999938)
158125,1610047300,102,운남로2,0,,POINT (158727.8440999991 543141.7015999984)
158126,1610047500,104,지하차도,0,,POINT (158964.9320999982 542750.4767999958)
158127,1610047600,104,푸른나래지하차도,0,,POINT (159051.4510999984 542783.8142999953)
158128,1610047700,104,전소1교동측,0,,POINT (159098.2823999976 542804.4519000022)
158129,1610047800,104,전소2교,0,,POINT (159136.155099995 542595.4549999948)
158130,1610047900,104,전소2교,0,,POINT (159183.1186999982 542608.0226999983)
158131,1610048000,104,송산1교서측,0,,POINT (159291.9577999935 542906.8457999978)
158132,1610048100,104,하늘교,0,,POINT (159300.4296999936 542477.4444999958)
158133,1610048200,104,송산2교,0,,POINT (159335.2544000006 542717.8250000007)
158134,1610048300,104,하늘교,0,,POINT (159353.0252999973 542506.5429999999)
158135,1610048400,104,송산1교동측,0,,POINT (159361.0141999936 542950.5021999986)
158136,1610048500,101,송산2교,0,,POINT (159380.8952 542762.8041999987)
158137,1610048600,103,속성변화점,0,,POINT (159424.5878999969 542641.835800002)
158138,1610048700,101,운남동1775,1,,POINT (159461.1166999946 542555.0759999932)
158139,1610048800,102,고들재로종점,0,,POINT (159650.1312999958 543139.0798999988)
158140,1610048900,101,운남동1782,0,,POINT (159753.2681999942 542984.5820999927)
158141,1610049000,101,운남동1782,0,,POINT (159808.8594999989 542867.0944000001)
158142,1610049100,101,운남동1775,1,,POINT (159861.1809999945 542736.8530000001)
158143,1610049200,104,해찬나래지하차도,0,,POINT (160068.2468999988 543688.6910999983)
158144,1610049300,101,중산동1992,1,,POINT (160183.8145999993 542784.4603999965)
158145,1610049400,101,광민교회,0,,POINT (160190.2456999941 542908.7429999914)
158146,1610049500,101,구립중산어린이집,0,,POINT (160197.4684999956 543048.6840999975)
158147,1610049600,101,신서해신협본점,1,,POINT (160319.3784999991 543984.7527999961)
158148,1610049700,101,하늘달빛로종점,1,,POINT (160345.2416000001 543570.7949000042)
158149,1610049900,103,속성변화점,1,,POINT (160432.2764999935 543671.7659999924)
158150,1610050000,101,처갓집양념치킨하늘도시점,1,,POINT (160535.9403999969 543798.0889000003)
158151,1610050100,104,해찬나래지하차도,0,,POINT (160564.341599994 544268.1298000015)
158152,1610050200,103,속성변화점,1,,POINT (160592.6274999978 543356.3495999973)
158153,1610050300,103,속성변화점,1,,POINT (160622.5915999942 543898.6308000002)
158154,1610050400,101,중산동1992,1,,POINT (160635.4900999961 542755.4796999971)
158155,1610050500,101,돌팍재삼거리,0,,POINT (160684.2647999975 544554.7494000015)
158156,1610050600,103,속성변화점,1,,POINT (160691.8464999933 543271.4181999913)
158157,1610050700,103,속성변화점,1,,POINT (160702.1651999959 543069.8053000006)
158158,1610050800,101,중산동1977,0,,POINT (160726.4407999958 544023.6466999965)
158159,1610050900,104,두미포로교량,0,,POINT (160741.8351999977 544509.861899993)
158160,1610051000,104,두미포로교량,0,,POINT (160794.7518999942 544478.6409999938)
158161,1610051100,101,하늘달빛로3,1,,POINT (160799.0028999977 543183.3117999968)
158162,1610051200,103,속성변화점,1,,POINT (160850.1336999979 543921.1203999976)
158163,1610051300,101,만수채뷔페,1,,POINT (160894.2530999939 543292.8494999973)
158164,1610051400,103,속성변화점,1,,POINT (160900.6030999932 543095.9990999972)
158165,1610051500,101,중산동1992,1,,POINT (160915.3530999947 542739.8651000001)
158166,1610051600,103,속성변화점,1,,POINT (160985.7329999955 543808.010799994)
158167,1610051700,101,SK주유소영종행복셀프,1,,POINT (160990.2970999997 543410.6554999982)
158168,1610051800,102,중산동1969-1,0,,POINT (160993.183100001 542230.0043000046)
158169,1610051900,101,중산동1980-1,0,,POINT (161020.7065999954 544378.3812999916)
158170,1610052000,101,노빌리티어린이집,1,,POINT (161053.0033999978 542968.9989000002)
158171,1610052100,101,중산동1987,1,,POINT (161089.7805999957 543523.8974000002)
158172,1610052200,101,우프우프,0,,POINT (161147.5921999952 543079.9255999981)
158173,1610052300,101,중산동1979,1,,POINT (161184.1708999943 543638.263699995)
158174,1610052400,101,중산동1992,1,,POINT (161186.3536999976 542856.2860999985)
158175,1610052500,102,중산동1873-25,0,,POINT (161199.8474999974 543143.6241999917)
158176,1610052600,103,속성변화점,0,,POINT (161205.1986999961 544254.1767999978)
158177,1610052700,101,중산동2002,1,,POINT (161259.8164999943 542793.074199996)
158178,1610052800,102,태영생막창,0,,POINT (161288.7475999965 543247.6717999971)
158179,1610052900,103,속성변화점,0,,POINT (161300.2569999988 543542.6827999913)
158180,1610053000,103,속성변화점,0,,POINT (161316.8530999946 543796.4466999972)
158181,1610053100,101,중구농협,0,,POINT (161341.6643999954 543314.3468999919)
158182,1610053200,103,속성변화점,0,,POINT (161344.7666999986 544234.6637999959)
158183,1610053300,101,중산동2002,0,,POINT (161361.0197999998 542711.0532000012)
158184,1610053400,103,속성변화점,1,,POINT (161362.7649999931 543489.4353000008)
158185,1610053500,101,중산동1993,1,,POINT (161375.5311999986 543084.6881999957)
158186,1610053600,101,하늘별빛로3,1,,POINT (161436.8484999987 543425.2737000016)
158187,1610053700,101,중산동2003,0,,POINT (161504.5565999964 542882.371199993)
158188,1610053800,103,속성변화점,1,,POINT (161524.0221999961 544041.8482999946)
158189,1610053900,101,이브자리영종하늘도시점,1,,POINT (161569.2064999931 543311.1718999987)
158190,1610054000,101,중산동1985,0,,POINT (161582.230699994 544108.6556999993)
158191,1610054100,101,중산동2003,1,,POINT (161595.8379999985 542992.1734999917)
158192,1610054200,101,중산동1998,0,,POINT (161614.4748999995 544895.1934999977)
158193,1610054300,101,중산동2002,1,,POINT (161644.5203999943 543246.7044999939)
158194,1610054400,101,씨사이드파크하늘구름광장,1,,POINT (161691.7496999954 542722.9594999966)
158195,1610054500,102,하늘중앙로4,0,,POINT (161731.5220999939 544350.9881000033)
158196,1610054600,101,중산동2002,1,,POINT (161741.8882999941 543163.3593000014)
158197,1610054700,101,중산동1981-3,0,,POINT (161749.7056999949 544720.8631000017)
158198,1610054800,102,오작로3,0,,POINT (161754.9642999994 544599.8423999995)
158199,1610060800,101,운북동1368-2,0,,POINT (156608.2221999981 547747.2743999971)
158200,1610060900,101,운북동1368-3,1,,POINT (156717.8259999966 547246.2583999906)
158201,1610061000,101,운북동1301,1,,POINT (156825.6042999992 547804.9536999989)
158202,1610061100,102,영종순환로11,0,,POINT (156836.1875999952 547835.9099999961)
158203,1610061200,102,미단뉴타운로4,0,,POINT (156864.6038999926 547747.9093999972)
158204,1610061300,101,운북동1325,0,,POINT (156909.8477999938 547745.2636000027)
158205,1610061400,101,운북동1319,0,,POINT (156915.933199994 547688.9071999894)
158206,1610061500,101,미단뉴타운로1,0,,POINT (156959.3249999959 547560.3194999954)
158207,1610061600,101,미건특수산업,0,,POINT (156975.729199998 547675.4133999923)
158208,1610061700,101,미단뉴타운로7,0,,POINT (157007.4791999988 547584.6611999947)
158209,1610061800,101,운북동1318,0,,POINT (157042.2719999998 547453.6259999954)
158210,1610061900,101,미단중앙로2,1,,POINT (157057.1547999975 547517.7875999974)
158211,1610062000,101,에어파킹24,0,,POINT (157064.6292999975 547630.6988000027)
158212,1610062100,101,미단뉴타운로5,0,,POINT (157095.321099997 547674.3550999979)
158213,1610062200,102,미단중앙로5,0,,POINT (157098.385799997 547276.4650999986)
158214,1610062300,101,미단중앙로3,0,,POINT (157122.6392999965 547572.3579999956)
158215,1610062400,102,미단뉴타운로6,0,,POINT (157165.9648999935 547608.7382999938)
158216,1610062500,101,운북동1315,0,,POINT (157167.8390999957 547329.2495999965)
158217,1610062600,101,운북동1301,1,,POINT (157232.5297999968 547617.381399994)
158218,1610062700,101,평택영상정보운영사업소,1,,POINT (157258.8095999961 546526.0854000049)
158219,1610062800,102,스타속눈썹전문샵,0,,POINT (157277.8596999951 546538.2562999941)
158220,1610062900,102,미단중앙로9,0,,POINT (157284.6528999954 547792.7012999912)
158221,1610063000,101,미단중앙로6,0,,POINT (157287.6955999967 547330.0432999994)
158222,1610063100,102,미단중앙로7,0,,POINT (157319.0487999997 547287.5775999945)
158223,1610063200,101,운북동1305,0,,POINT (157349.1451999989 547705.388600001)
158224,1610063300,101,영종순환로8,1,,POINT (157390.0894999962 547405.8465999943)
158225,1610063400,101,운북동1305,0,,POINT (157461.3948999943 547788.2584999949)
158226,1610063500,101,운북동1301,1,,POINT (157476.0527999992 547291.4714000047)
158227,1610063600,103,속성변화점,0,,POINT (157510.6822999936 547924.2481000008)
158228,1610063700,101,운북동1307,0,,POINT (157589.8238999987 547376.9319999982)
158229,1610063800,101,운북동1305,1,,POINT (157590.7101999977 547795.2038000043)
158230,1610063900,101,운북동1307,0,,POINT (157698.594299995 547458.2121000041)
158231,1610064000,101,운북동1301,1,,POINT (157766.3056999969 547121.3969000027)
158232,1610064100,101,금산제1교차로,1,,POINT (157773.0999999937 545862.5918000003)
158233,1610064200,101,운북동1310,0,,POINT (157807.9774999998 547246.7434999893)
158234,1610064300,101,운북동1305,0,,POINT (157808.3965999933 547538.6456000017)
158235,1610064400,101,운북동1308,0,,POINT (157846.673099995 547364.8139999982)
158236,1610064500,102,운북동476-17,0,,POINT (157854.0751999981 545627.9653999944)
158237,1610064600,106,금산IC,1,,POINT (157954.4183999968 545684.194199996)
158238,1610064700,101,운북동1305,0,,POINT (157955.9815000006 547342.8447999948)
158239,1610064800,102,영종역1번출구,0,,POINT (157956.4565999957 545981.2575999954)
158240,1610064900,106,금산IC,1,,POINT (158083.3087999968 545544.8705000012)
158241,1610065000,104,동강1교북측,0,,POINT (158158.6949999924 545464.1677000056)
158242,1610065100,101,운북동1301,1,,POINT (158162.615499996 547007.8171999966)
158243,1610065200,101,운북동1305,0,,POINT (158258.7370999985 547233.8362000007)
158244,1610065300,102,백운로2,0,,POINT (158306.4293999973 545173.2294999978)
158245,1610065400,101,GS주유소허브제1셀프,0,,POINT (158405.3176999979 545207.2946999992)
158246,1610065500,102,백운로1,0,,POINT (158442.6900999993 545218.8701999988)
158247,1610065600,101,운북동1301,1,,POINT (158450.4721999987 547045.9816999951)
158248,1610065700,101,운북동1313,1,,POINT (158668.0989999983 546436.3197999964)
158249,1610065800,101,운북동1301,1,,POINT (158810.4490999945 547000.4969999903)
158250,1610065900,102,미단중앙로종점,0,,POINT (158915.3790999952 546123.7536999959)
158251,1610066100,101,운남교차로,1,,POINT (159130.3615999967 544688.0835999972)
158252,1610066300,101,운북동1301,0,,POINT (159193.5295000011 546883.6594999963)
158253,1610066400,102,영종순환로1,0,,POINT (159264.9671999959 546856.4072999936)
158254,1610066500,102,보련사,0,,POINT (159774.1434999992 544327.824099998)
158255,1610066600,101,중촌교차로,1,,POINT (159803.7980999954 544397.8682000007)
158256,1610066700,102,쌍용서비스프라자영종점,0,,POINT (159834.4686999989 544462.2327000002)
158257,1610066800,101,운서동2833-2,0,,POINT (147986.2980999906 543893.7483999898)
158258,1610066900,101,운서동3233-36,0,,POINT (148002.5992999933 542844.380899995)
158259,1610067000,101,운서동3233-36,0,,POINT (148041.3672999914 543312.975699999)
158260,1610067100,101,운서동2833-6,0,,POINT (148122.9402999914 543703.3566999973)
158261,1610067200,106,제3국제업무단지IC,0,,POINT (148214.4901999931 543572.1348999982)
158262,1610067300,106,제3국제업무단지IC서측,0,,POINT (148224.6398999953 543773.0731999947)
158263,1610067400,101,운서동2835-1,0,,POINT (148323.9068999925 543235.2867999956)
158264,1610067500,101,운서동2835-3,0,,POINT (148406.6040999912 543296.1364000016)
158265,1610067600,106,제3국제업무단지IC,1,,POINT (148708.4099999921 542863.2174000025)
158266,1610067700,101,제2국제업무단지교차로,0,,POINT (148987.0827999882 542469.5017999886)
158267,1610067800,106,제3국제업무단지IC동측,0,,POINT (149077.1539999955 544126.7524999938)
158268,1610067900,101,아시아나항공항공기정비고,0,,POINT (149096.6247999925 542546.6201999938)
158269,1610068000,102,대한항공항공기정비고,0,,POINT (149515.8421999911 541905.7281999965)
158270,1610068100,101,운서동2833-6,0,,POINT (150365.449899991 544176.3524999943)
158271,1610068200,101,용유IC교차로,0,,POINT (150719.1379999925 544276.7892999966)
158272,1610068300,106,화물터미널IC서측,1,,POINT (151065.7579999921 544309.9338999965)
158273,1610068400,101,운서동2851-60,0,,POINT (151225.4201999932 537423.8785999918)
158274,1610068500,101,웨스트타워,0,,POINT (151251.5498999963 537645.7108999926)
158275,1610068600,101,운서동2851-22,0,,POINT (151316.1132999943 538162.1238999997)
158276,1610068700,106,화물터미널IC남측,1,,POINT (151395.6085999951 544136.8519000009)
158277,1610068800,102,삼목선착장,1,,POINT (151583.0797999902 544644.9513000011)
158278,1610071600,101,미단소망로3,0,,POINT (156139.6870999939 547594.4366999894)
158279,1610071700,101,미단소망로2,0,,POINT (156173.4216000001 547557.5272000008)
158280,1610071800,101,예단포2로2,0,,POINT (156193.2011999941 547690.9621999912)
158281,1610071900,101,운북동1366-6,0,,POINT (156225.2678999972 547287.9803999955)
158282,1610072000,101,예단포2로1,0,,POINT (156243.207599997 547722.9767999977)
158283,1610072100,101,미단소망로4,0,,POINT (156265.9617999951 547683.2891999886)
158284,1610072200,101,CU미단유커타운점,0,,POINT (156268.7398999927 547803.2648000014)
158285,1610072300,102,예단포1로종점,0,,POINT (156273.3118999966 548029.3926999887)
158286,1610072400,101,이디야커피인천예단포점,1,,POINT (156295.2950999952 547757.7644000011)
158287,1610072500,101,운북동1351-12,0,,POINT (156313.1899999984 547849.8314999897)
158288,1610072600,106,영종IC,1,,POINT (156313.5988999977 540888.2764000001)
158289,1610072700,101,운북동1351-12,0,,POINT (156327.1864999984 547909.4951999891)
158290,1610072800,101,미단교회,0,,POINT (156372.9982999947 547623.7755000034)
158291,1610072900,102,예단포1로4,0,,POINT (156407.9322000002 547687.5445999994)
158292,1610074600,106,금산IC서측,0,,POINT (157397.2121999932 545618.7487999925)
158293,1610074700,106,금산IC북측,0,,POINT (157401.0938999957 546289.6562999923)
158294,1610074800,106,금산IC북측,0,,POINT (157853.2949 545912.2292999978)
158295,1610074900,106,금산IC,0,,POINT (158009.4621999936 545762.5449999935)
158296,1610075000,106,금산IC동측,0,,POINT (158225.3303999972 546016.8449999971)
158297,1610075100,106,금산IC동측,0,,POINT (158547.5669999949 546181.6109999963)
158298,1610075200,101,운서동3243,0,,POINT (153469.0439999992 543273.9229999933)
158299,1610075300,101,운서동3165-1,1,,POINT (153520.9736999947 542674.3490999886)
158300,1610075400,103,속성변화점,0,,POINT (153635.111499995 542126.2198999968)
158301,1610075500,101,운서동3183,0,,POINT (153769.5918999994 542851.4589999997)
158302,1610075600,101,스태츠칩팩코리아앞,0,,POINT (153815.2256999974 543521.617900003)
158303,1610075700,104,삼목지하차도북측,0,,POINT (153856.7526999936 544084.2974999956)
158304,1610075800,103,속성변화점,0,,POINT (153873.8111999929 542306.1607999926)
158305,1610075900,101,운서동3184,0,,POINT (153911.0529999955 542643.5143999929)
158306,1610076000,101,사금교서측,0,,POINT (153913.3909999946 543809.9343999969)
158307,1610076100,104,사금교동측,0,,POINT (153981.757199995 543859.670399991)
158308,1610076200,103,속성변화점,0,,POINT (154028.7621999977 541939.298999992)
158309,1610076300,101,운서동3183,1,,POINT (154029.2878999926 543034.0602999957)
158310,1610076400,101,운서동3167-14,0,,POINT (154052.5256999961 542436.4988999964)
158311,1610076500,101,운서동3171-3,0,,POINT (154138.1103999984 542318.5753999909)
158312,1610076600,101,한국피셔과학알파에이사코리아지,0,,POINT (154179.6145999961 542829.7728999966)
158313,1610076700,101,운서동3190,0,,POINT (154255.657399995 542181.9809999955)
158314,1610076800,101,운서동3169-5,1,,POINT (154301.1479000011 543220.306099996)
158315,1610076900,101,티스테이션강남논현점,0,,POINT (154356.0208999964 542948.9587999994)
158316,1610077300,101,운서동2935-1,0,,POINT (156368.9840999993 542956.6842000003)
158317,1610077301,101,운서동2938,0,,POINT (156673.6264999959 543054.1199999959)
158318,1610077302,101,운서동2942,0,,POINT (156395.8422999969 542979.7506999937)
158319,1610077500,101,운남동990-70,0,,POINT (156409.8959999981 542624.7596999943)
158320,1610077501,101,운서동2945,0,,POINT (156462.3437999931 542691.9216999904)
158321,1610077600,101,운서동2902-1,1,,POINT (156478.0783999936 542820.6576999988)
158322,1610077601,101,운서동2941,0,,POINT (156538.9750999966 542870.7902999943)
158323,1610077602,101,운서동2941,0,,POINT (156592.2574999923 542913.9742000003)
158324,1610077900,101,운서동2898-1,0,,POINT (156627.7747999952 542942.4560999993)
158325,1610078000,101,큰말공원,0,,POINT (156645.7170999934 542568.6447999966)
158326,1610078100,103,속성변화점,0,,POINT (156649.8600000004 542512.3010000023)
158327,1610078200,101,운서동2913-1,0,,POINT (156654.0170999999 542706.2670000021)
158328,1610078300,101,GS25운서지구점,0,,POINT (156655.9445999936 542744.7504999974)
158329,1610078301,101,운서동2939,0,,POINT (156663.6232999944 542821.0931999994)
158330,1610078500,101,운서동2897-6,0,,POINT (156719.936599999 543019.6667999991)
158331,1610078501,101,운서동2940,0,,POINT (156759.9106999929 543052.7548999969)
158332,1610078700,101,운서동2917-12,0,,POINT (156762.4939999953 542700.3774999938)
158333,1610078800,101,인천운서초등학교,0,,POINT (156766.1487999938 542735.8885999972)
158334,1610078801,101,운서초등학교,0,,POINT (156781.8511999988 542812.1247999937)
158335,1610078900,103,속성변화점,0,,POINT (156793.385299995 543080.3287000025)
158336,1610079000,103,속성변화점,0,,POINT (156869.8756999963 542684.0484999922)
158337,1610080900,101,운남동1576,0,,POINT (158265.2226999999 543651.7550999935)
158338,1610081000,101,운남3교,0,,POINT (158413.3356999987 543650.0902999947)
158339,1610081001,101,운남동1575,0,,POINT (158478.6438999995 543892.968499998)
158340,1610081002,101,영종동행정복지센터,0,,POINT (158651.3887999963 543960.5911)
158341,1610081003,101,운남동1575,0,,POINT (158420.7080999995 543792.6068000023)
158342,1610081400,101,운남동1554,0,,POINT (158684.5008999938 543641.4994999954)
158343,1610081401,101,운남동1575,1,,POINT (158639.0312999932 543643.485599995)
158344,1610081600,101,영종119안전센터,0,,POINT (158699.1546999969 543249.1284000006)
158345,1610081700,101,운남동1514-4,0,,POINT (158745.6470999952 543900.5698999966)
158346,1610081701,101,운남동1581,0,,POINT (158806.5399999994 544044.758199994)
158347,1610081702,101,운남동561-1,0,,POINT (159084.0039999924 544465.2200999913)
158348,1610081800,101,운남1교,0,,POINT (158830.3144999974 543510.8950999965)
158349,1610081900,101,운남동1556-6,0,,POINT (158842.1590999959 543636.8628999965)
158350,1610089500,102,인천항해상교통관제센터,0,,POINT (164796.1819999974 540265.055099991)
158351,1610089600,101,인천항제5부두,0,,POINT (165234.2412999933 540113.856699996)
158352,1610089700,101,항동7가46-3,0,,POINT (165269.9417999976 539995.7570999913)
158353,1610089800,101,항동7가27-148,1,,POINT (165389.5023999961 539896.9485999971)
158354,1610089900,103,속성변화점,0,,POINT (165595.6979999999 540077.2179999936)
158355,1610090000,102,선광신컨테이너터미널,0,,POINT (165657.6712999946 538216.9295999965)
158356,1610090100,101,공성세차장,0,,POINT (165706.0692999961 540023.5330000037)
158357,1610090200,103,속성변화점,0,,POINT (165790.7344999979 539097.0537000013)
158358,1610090300,102,항동7가93-7,0,,POINT (165843.4819999924 538743.5662000006)
158359,1610090400,101,항동7가30-2,1,,POINT (165942.0187999974 539387.8362999903)
158360,1610090500,101,항동7가93-17,0,,POINT (166059.7984000007 538629.8585999934)
158361,1610090600,101,항동7가33,0,,POINT (166145.3100999973 539806.7788999955)
158362,1610090700,101,항동7가91-15,0,,POINT (166193.5757999945 538890.1083999906)
158363,1610090800,101,선광종합물류,1,,POINT (166226.6740999966 537063.220599992)
158364,1610090900,102,항동7가92-9,0,,POINT (166248.5125999982 538526.4419999886)
158365,1610091000,101,신흥동3가56-1,0,,POINT (166311.0007999992 538029.4524000015)
158366,1610091100,101,항동7가95-14,0,,POINT (166347.4079999987 539184.0660999941)
158367,1610091200,101,신흥동3가60-17,1,,POINT (166367.4644999962 537505.2315000027)
158368,1610091300,101,금호타이어인천영업소,0,,POINT (166497.5771999956 538402.7927000008)
158369,1610091400,101,항동7가34-2,0,,POINT (166553.6555999957 539599.8289999923)
158370,1610091500,101,신흥동3가60-6,1,,POINT (166575.5777999981 537892.5655000003)
158371,1610091600,101,항동7가52-2,0,,POINT (166599.9648999949 539565.4250999941)
158372,1610091700,101,롯데팩토리아울렛인천점,0,,POINT (166628.0970999977 538665.0333999946)
158373,1610091800,101,신흥동3가65-13,1,,POINT (166658.4572999993 537354.6460999968)
158374,1610091900,101,항동7가1-19,0,,POINT (166762.4299999998 539817.2467999964)
158375,1610092000,101,신흥동3가50-11,1,,POINT (166767.3368999957 538270.9667999977)
158376,1610092001,101,신흥동3가41,1,,POINT (166814.1800999928 538365.1384999986)
158377,1610092100,101,남문출입문,0,,POINT (166827.524999999 539500.7072999955)
158378,1610092200,102,신흥동3가70-7,0,,POINT (166847.7919999966 536803.9228999973)
158379,1610092300,101,신흥동3가65-1,1,,POINT (166860.3857999955 537748.0880000014)
158380,1610092400,101,신흥동3가31-39,0,,POINT (166861.9090999969 539131.5025999981)
158381,1610092500,101,신흥동3가45-2,1,,POINT (166891.1321999947 538528.4932999986)
158382,1610092600,102,항동7가1-48,0,,POINT (166898.5379999946 540091.1283999981)
158383,1610092700,101,오렌지자동차운전전문학원,0,,POINT (166899.4592999975 539203.2241999942)
158384,1610092800,101,항동7가1-55,0,,POINT (166948.9343999987 539733.1854999919)
158385,1610092900,101,신흥동3가65-6,1,,POINT (166977.4090999954 537690.287199997)
158386,1610093000,101,신흥동3가69-19,0,,POINT (167003.7847999928 536806.080599992)
158387,1610093100,101,선명아암물류센터,1,,POINT (167011.1181999969 537175.1845999951)
158388,1610093200,101,신흥동3가34-11,1,,POINT (167050.0902999937 538826.7217999937)
158389,1610093300,101,신흥동3가33-6,0,,POINT (167071.0908999967 539006.8267999988)
158390,1610093400,102,항동7가1-37,0,,POINT (167083.6582999964 539669.8571999958)
158391,1610093500,102,인천지방해양수산청,0,,POINT (167092.8825999936 540012.2362999988)
158392,1610093600,102,수산물수출물류센터,0,,POINT (167128.4771999937 538412.8825999908)
158393,1610093700,101,포드링컨서비스,1,,POINT (167165.8030999977 538060.3881999948)
158394,1610093800,102,신흥동3가41-2,0,,POINT (167185.6162999934 538098.3406999925)
158395,1610093900,101,신흥동3가69-19,0,,POINT (167200.880799993 536805.3934000001)
158396,1610094100,101,신흥동3가69-1,0,,POINT (167309.6689999987 537026.1743999919)
158397,1610094200,102,신흥동3가69-9,0,,POINT (167434.1175999935 536804.3920999973)
158398,1610094300,104,무의대교남측,0,,POINT (147837.1578999946 534848.1555999959)
158399,1610094400,104,무의대교북측,0,,POINT (148072.174699996 535689.1858999988)
158400,1610094500,102,큰무리선착장,0,,POINT (148114.0805999883 534575.4338000009)
158401,1610094600,102,잠진도선착장,1,,POINT (148223.1708999904 535451.553799993)
158402,1610094700,101,잠진교차로,0,,POINT (148280.8034999914 535799.4767999967)
158403,1610094800,101,운서동2847-2,0,,POINT (153678.204699994 540130.2214000049)
158404,1610094900,101,운서동2844,0,,POINT (153808.0983999949 540221.9832000036)
158405,1610095000,102,을왕동산71-3,0,,POINT (144516.7447999905 538907.0655999952)
158406,1610095100,101,운서동2844,0,,POINT (153947.9822999986 540321.0902999906)
158407,1610095200,102,을왕동980-3,0,,POINT (143047.6797999922 539846.4202999945)
158408,1610095300,104,터널,0,,POINT (143557.1508999933 540283.1801999907)
158409,1610095400,104,터널,0,,POINT (143482.9543999905 540267.9603000018)
158410,1610095500,102,운서동2851-33,0,,POINT (152593.7364999901 538055.4721000028)
158411,1610095600,102,운서동2850-10,0,,POINT (152249.5793999949 538029.6884999931)
158412,1610095700,101,운서동2850-12,0,,POINT (152615.883799995 537864.8343000001)
158413,1610095800,102,운서동2850-34,0,,POINT (152731.0206999999 537881.7532999964)
158414,1610095900,101,운서동2850-12,0,,POINT (152426.5011999971 537794.4086999949)
158415,1610096000,101,운서동2850-16,0,,POINT (152276.8267999954 537765.035199999)
158416,1610096100,102,베스트웨스턴프리미어인천에어포,0,,POINT (152267.2150999984 537825.2031999952)
158417,1610096200,101,베스트웨스턴프리미어인천에어포,0,,POINT (152131.0384999911 537804.7118999976)
158418,1610096300,101,베스트웨스턴프리미어인천에어포,1,,POINT (152150.0600999968 537842.5202999976)
158419,1610096400,101,운서동3215-2,0,,POINT (151860.2052999936 537452.0638999973)
158420,1610096500,101,운서동2851-27,0,,POINT (151782.1341999993 537916.7722999994)
158421,1610096600,102,운서동2874,0,,POINT (151918.2912999993 537549.7597999929)
158422,1610096700,101,운서동2847-3,0,,POINT (153835.3918999964 538358.328399997)
158423,1610096800,101,운서동2847-2,0,,POINT (153409.5565999978 539945.8286000026)
158424,1610096900,101,운서동2847-2,1,,POINT (153525.0133999952 540025.6439999952)
158425,1610097000,102,운서동산460,0,,POINT (154050.626199997 539682.4010999952)
158426,1610097100,101,운서동2844,0,,POINT (154042.8311999959 540475.9365999944)
158427,1610097200,101,운서동3202,0,,POINT (153456.992699995 540123.1289000037)
158428,1610097300,101,운서동3202,0,,POINT (153642.4007999974 540254.3457999993)
158429,1610097400,101,운서동3202,0,,POINT (153829.9991999949 540382.7800999918)
158430,1610097500,102,운서동3202,0,,POINT (153696.1698999973 540179.1369999924)
158431,1610097600,101,운서동3202,0,,POINT (153759.7920999973 540484.898799987)
158432,1610097700,101,운서동2844,0,,POINT (153948.5046999967 540616.104099996)
158433,1610097800,102,운서동2844,0,,POINT (154035.0903999952 540676.6646000021)
158434,1610097900,101,운서동2844,0,,POINT (154018.7026999961 540512.13739999)
158435,1610098000,103,속성변화점,0,,POINT (153719.8568999961 540063.4034999973)
158436,1610098100,101,운서동2864-46,0,,POINT (152297.2432999977 542689.5830999955)
158437,1610098200,101,운서동3200,0,,POINT (152067.9659999986 542806.5008999973)
158438,1610098300,102,운서동3200,0,,POINT (151958.3137999965 542962.502500001)
158439,1610098400,101,운서동3200,0,,POINT (152166.7616999963 542877.1449999943)
158440,1610098500,101,운서동2864-44,0,,POINT (152264.4397999893 542945.9468999986)
158441,1610098600,101,운서동2864-41,0,,POINT (152394.9223999977 542758.3865999993)
158442,1610098700,102,운서동2864-45,0,,POINT (152479.3697999895 542639.5274999985)
158443,1610098800,101,운서동2864-41,0,,POINT (152494.8160999936 542828.1033999991)
158444,1610098900,102,운서동2864-41,0,,POINT (152546.3573999971 542754.7487999994)
158445,1610099000,101,운서동2864-38,0,,POINT (152364.3217999916 543013.8125999941)
158446,1610099100,102,운서동3200,0,,POINT (152064.7883000011 543022.9279999936)
158447,1610099200,102,운서동2864-43,0,,POINT (152155.8858999975 543101.0146999925)
158448,1610099300,102,운서동2864-36,0,,POINT (152274.4162999997 543143.80199999)
158449,1610099400,102,운서동2833-6,0,,POINT (150396.5508999949 543570.0115999957)
158450,1610099500,103,속성변화점,0,,POINT (151335.3058999968 543614.4185000027)
158451,1610099600,102,운서동2860-2,0,,POINT (153540.2963999923 544157.6553999924)
158452,1610099700,101,운서동2820-1,0,,POINT (154247.3982999999 543900.3424999974)
164221,1610102700,102,운서동2820-2,0,,POINT (154267.8870999968 543806.823099992)
164222,1610102800,101,운서동2820-1,0,,POINT (154380.3886999944 543761.8151999991)
164223,1610102900,101,운서동2820-1,0,,POINT (154396.7563999957 543722.883199994)
164224,1610103000,101,운서동2820-2,0,,POINT (154399.7941999948 543672.0013999947)
164225,1610103100,102,운서동2820-1,0,,POINT (154322.7586999973 543734.3862000003)
164226,1610103200,102,운서동2820-2,0,,POINT (154354.6061999947 543696.2940999935)
164227,1610103300,101,운서동2820-2,0,,POINT (154407.1775999967 543607.223599995)
164228,1610103400,101,운서동2820-2,0,,POINT (154423.5355999982 543566.4419999919)
164229,1610103500,102,운서동2820-2,0,,POINT (154418.8359999951 543515.6024999962)
164230,1610103600,102,운서동2820-2,0,,POINT (154365.0724999987 543588.9574999947)
164231,1610103700,102,운서동2820-2,0,,POINT (154395.8152999936 543550.8715999961)
164232,1610103800,101,운서동행정복지센터,0,,POINT (154780.9949999968 543846.5655000019)
164233,1610103900,101,운서동2812,0,,POINT (154287.0704999933 544684.3738999998)
164234,1610104000,101,운서동2811-2,0,,POINT (154829.1406999983 544775.7497999945)
164235,1610104100,101,운서동2811-2,0,,POINT (154832.7068999923 544821.9714999903)
164236,1610104200,101,운서동2811-1,0,,POINT (154835.2180999968 544877.4471999921)
164237,1610104300,101,운서동2811-1,0,,POINT (154791.1005999973 544894.3332999949)
164238,1610104400,101,운서동2811-1,0,,POINT (154769.1572999954 544924.0466999912)
164239,1610104500,101,운서동2811-1,0,,POINT (154767.2029999946 544971.2231999949)
164240,1610104600,101,운서동2811-1,0,,POINT (154817.2471999951 545028.2907000004)
164241,1610104700,101,운서동2811-1,0,,POINT (154860.4792999997 545052.1016999946)
164242,1610104800,101,운서동2811-1,0,,POINT (154898.1652999966 545072.243700001)
164243,1610104900,101,운서동2811-1,0,,POINT (154995.2453999959 545039.3499999938)
164244,1610105000,101,운서동2811-1,0,,POINT (154971.8168999993 544998.7844999984)
164245,1610105100,101,운서동2811-1,0,,POINT (154975.9826999968 544951.5959999888)
164246,1610105200,101,운서동2811-1,0,,POINT (154966.7214000008 544873.9609999974)
164247,1610105300,101,운서동2811-3,0,,POINT (154984.2946999976 544853.5199999928)
164248,1610105400,101,운서동2811-3,0,,POINT (155010.6945999945 544830.2568999985)
164249,1610105500,101,운서동2811-3,0,,POINT (155039.290099993 544804.2075999985)
164250,1610108600,101,운서동2811-2,0,,POINT (154864.4772999958 544770.0093999947)
164251,1610108700,101,운서동2811-2,0,,POINT (154899.7889999976 544759.6450999981)
164252,1610108800,101,운서동2811-2,0,,POINT (154935.0706999978 544743.7322999979)
164253,1610108900,102,운서동2811-2,0,,POINT (154864.6225999974 544796.8283999922)
164254,1610109000,102,운서동2811-2,0,,POINT (154903.2847999927 544792.9197999942)
164255,1610109100,102,운서동2811-2,0,,POINT (154962.8609999948 544773.1762999984)
164256,1610109200,101,운서동2811-3,0,,POINT (154993.387299999 544695.3264000023)
164257,1610109300,101,운서동2811-3,0,,POINT (155023.0235999981 544657.2486999902)
164258,1610109400,102,운서동2811-3,0,,POINT (155018.9371999947 544719.2337999918)
164259,1610109500,102,운서동2811-3,0,,POINT (155050.8437999932 544692.2417999957)
164260,1610109600,101,운서동2815,0,,POINT (154822.8825999942 544640.7596999948)
164261,1610109700,101,운서동2815,0,,POINT (154820.4214999971 544594.5320000019)
164262,1610109800,101,운서동2815,0,,POINT (154880.883899995 544534.0909999945)
164263,1610109900,101,운서동2817,0,,POINT (155003.5456999982 544529.7284999894)
164264,1610110000,102,운서동2815,0,,POINT (154766.5109999992 544640.1406999959)
164265,1610110100,102,운서동2815,0,,POINT (154884.6401999955 544615.4549999941)
164266,1610110200,101,운서동2815,0,,POINT (154754.9616999989 544548.6460999984)
164267,1610110300,101,운서동2815,0,,POINT (154751.3697999938 544497.8003999995)
164268,1610110400,101,운서동2815,0,,POINT (154878.4079999991 544485.0889000039)
164269,1610110500,101,운서동2815,0,,POINT (154877.7533999971 544568.3263999963)
164270,1610110600,102,운서동2815,0,,POINT (154791.4295999938 544547.5233000022)
164271,1610110700,102,운서동2815,0,,POINT (154786.7225999977 544494.833999999)
164272,1610110800,102,운서동2815,0,,POINT (154840.8446000004 544488.0667999986)
164273,1610110900,102,운서동2815,0,,POINT (154904.3791999956 544586.6787000012)
164274,1610111000,101,운서동2815,0,,POINT (154917.0816999973 544483.0299000035)
164275,1610111100,102,운서동2815,0,,POINT (154918.3319999937 544509.8429999904)
164276,1610111200,102,운서동2815,0,,POINT (154914.6109999933 544434.9525999917)
164277,1610111300,101,운서동2817,0,,POINT (155040.9991999948 544506.4058999948)
164278,1610111400,101,운서동2817,0,,POINT (155099.1985000006 544435.8056999965)
164279,1610111500,102,운서동2817,0,,POINT (155039.6844000006 544467.5704999985)
164280,1610111600,101,운서동2817,0,,POINT (155101.0203999954 544363.6598999943)
164281,1610111700,101,운서동2817,0,,POINT (155078.4864999955 544284.2466999931)
164282,1610111800,101,운서동2817,0,,POINT (155071.6503999973 544246.3658999895)
164283,1610111900,101,운서동2817,0,,POINT (155093.4221999941 544184.2855999983)
164284,1610112000,101,운서동2817,0,,POINT (155119.9390999981 544182.2931000043)
164285,1610112100,102,운서동2706-3,0,,POINT (155176.3037999933 544181.0649999995)
164286,1610112200,101,운서동2817,0,,POINT (155118.6096999952 544140.6832999939)
164287,1610112300,102,운서동2817,0,,POINT (155171.6538999973 544138.5481999924)
164288,1610112400,101,운서동2817,0,,POINT (154992.8559999995 544187.6025000048)
164289,1610112500,101,운서동2817,0,,POINT (154994.2808999948 544246.7832999979)
164290,1610112600,101,운서동2817,0,,POINT (154995.5958999989 544285.6187000028)
164291,1610112700,101,운서동2817,0,,POINT (155039.1305999989 544364.9182999969)
164292,1610112800,102,운서동2817,0,,POINT (155037.7610000008 544315.910199995)
164293,1610112900,102,운서동2817,0,,POINT (155022.1224999943 544285.4755000003)
164294,1610113000,102,운서동2817,0,,POINT (155053.0701999954 544285.3085999928)
164295,1610113100,101,운서동2941,0,,POINT (156621.6319999996 542824.1092999956)
164296,1610113200,101,운서동2940,0,,POINT (156705.6186999984 542818.1238999957)
164297,1610113300,101,운서초등학교,0,,POINT (156747.6119999954 542815.1314999954)
164298,1610113400,102,운서동2940,0,,POINT (156689.6130999998 542929.1848999951)
164299,1610113500,102,운서동2940,0,,POINT (156721.8055999942 542954.9125999946)
164300,1610113600,101,운서동2938,0,,POINT (156710.4426999977 543108.4911000024)
164301,1610113700,102,운남동1580,0,,POINT (158722.240999997 543975.0129999983)
164302,1610113800,102,운서동2938,0,,POINT (156452.636299997 543063.5928000006)
164303,1610113900,102,항동7가126-2,0,,POINT (164830.9796999997 538100.4075000008)
164304,1610114000,101,운서동2952,0,,POINT (156373.3035999983 542902.1646000007)
164305,1610114100,102,운서동2952,0,,POINT (156341.4148999975 542934.6999999973)
164306,1610114200,101,운서동2953,0,,POINT (156345.5993999983 542889.3620999974)
164307,1610114300,102,운서동2953,0,,POINT (156310.1423999958 542873.8259000006)
164308,1610114400,101,운서동2953,0,,POINT (156391.5740999956 542802.1887999981)
164309,1610114500,101,운서동2952,0,,POINT (156437.0142999955 542824.1469000012)
164310,1610114600,102,운서동2953,0,,POINT (156345.0427000012 542783.0110999973)
164311,1610114700,101,운서동2952,0,,POINT (156441.966799996 542714.0677999959)
164312,1610114800,102,운서동2952,0,,POINT (156389.7866999954 542671.798999995)
164313,1610114900,101,운남동1586,0,,POINT (158580.1316999946 543849.0183000003)
164314,1610115000,101,영종동행정복지센터,1,,POINT (158632.4858999987 543930.1419999942)
164315,1610115100,101,운남동1585,0,,POINT (158681.5834999988 543800.4244999957)
164316,1610115200,101,운남동1580,0,,POINT (158750.2352999977 544047.9348000045)
164317,1610115300,101,운남동1579,0,,POINT (158416.0973999939 543982.0834000008)
164318,1610115400,102,운남동1579,0,,POINT (158403.3274999936 544081.1024000011)
164319,1610115500,101,운남동545,0,,POINT (159259.2862999958 544396.8608000005)
164320,1610115600,101,운북동1258,0,,POINT (159540.3582999927 546058.3095999977)
164321,1610115700,102,운북동168-85,0,,POINT (159119.3312999977 546058.5153000004)
164322,1610115800,101,중산동1260-2,0,,POINT (160899.030299999 544763.5567000033)
164323,1610115900,102,중산동1125-81,0,,POINT (161503.3968999975 545439.5555999988)
164324,1610116000,102,북성동1가98-35,0,,POINT (164771.5022999936 541829.4546999953)
164325,1610116100,102,북성동1가98-6,0,,POINT (164447.1562999928 541994.5206000016)
164326,1610116200,102,월미도,0,,POINT (164367.0576999933 541878.3370000005)
164327,1610116300,102,북성동1가125-3,0,,POINT (164688.0389999979 541701.2597999986)
164328,1610116400,102,북성동1가98-57,0,,POINT (164372.9883999982 541713.6965999942)
164329,1610116500,102,인천광역시중구청,0,,POINT (166503.1482999996 541619.7923999903)
164330,1610116600,102,중앙동2가25,0,,POINT (166591.1791999931 541514.9370999902)
164331,1610116700,102,전동37-1,0,,POINT (166951.7283999994 541821.4601999922)
164332,1610116800,101,인성여자중학교,0,,POINT (166844.8332999938 541635.9713000037)
164333,1610116900,102,송학동3가217-15,0,,POINT (166952.8995999997 541558.812199999)
164334,1610117000,102,신포동66-1,0,,POINT (166887.2495999929 541453.6451999944)
164335,1610117100,101,경동241-1,0,,POINT (167419.0541000001 541449.7026999941)
164336,1610117200,101,경동241-1,0,,POINT (167617.1354999978 541493.3221999911)
164337,1610117300,102,율목동241-1,0,,POINT (167373.3071999997 541343.5293999938)
164338,1610117400,102,신생동34-1,0,,POINT (167242.3527999975 540938.0553999945)
164339,1610117500,102,신생동43,0,,POINT (167284.424299999 540669.6986999953)
164340,1610117600,102,도원동12-155,0,,POINT (168104.4358999951 540838.5380999956)
164341,1610117700,103,속성변화점,0,,POINT (168178.0853999999 540724.5068999983)
164342,1610117800,102,신흥여자중학교,0,,POINT (167332.9850999934 539515.3609000016)
164343,1610117900,102,신흥동3가42-21,0,,POINT (167134.3163999991 538210.3278999989)
164344,1610118000,101,항동7가82-28,0,,POINT (164143.2678999965 538682.255299995)
164345,1610118100,101,항동7가82-30,0,,POINT (164016.0689999978 538680.9526999968)
164346,1610118200,102,항동7가82-2,0,,POINT (164015.3119999998 538505.243999998)
164347,1610118300,101,항동7가82-24,0,,POINT (164140.8868999933 538900.5181999927)
164348,1610118400,102,항동7가82-24,0,,POINT (164316.7414999979 538900.6899000008)
164349,1610118500,101,-,1,지번없음,POINT (164110.4777999958 535682.3524000014)
164350,1610118600,103,속성변화점,0,,POINT (164076.0163000005 535644.583799992)
164351,1610118700,103,속성변화점,0,,POINT (164357.0446999967 535643.380999999)
164352,1610118800,102,-,0,지번없음,POINT (163808.0751999995 535857.5176999969)
164353,1610118900,105,중구-연수구,0,,POINT (164531.076499998 535557.101200005)
164354,1610119000,105,중구-연수구,0,,POINT (164285.0184999998 535339.8088999968)
164355,1610119100,101,운서동2820-1,0,,POINT (154292.8802999938 543931.1445999966)
164356,1610119200,102,항동7가65-111,0,,POINT (164629.3913000009 539079.6958999985)
164357,1610119300,105,중구-서구,0,,POINT (162714.634199999 549422.4423000006)
164358,1610119500,101,신흥동3가7-207,0,,POINT (167533.7891999927 539870.8861999994)
164359,1610119600,105,중구-동구,0,,POINT (167754.5209999969 541605.1267000011)
164360,1610119700,101,도원동5-5,0,,POINT (168308.8205999946 540864.5980999989)
191531,1610119901,101,-,0,,POINT (153667.2673731232 542485.0138723979)
191532,1610119801,101,-,0,,POINT (153341.7805520114 541976.0819698593)
191637,1610120101,102,-,0,,POINT (156244.9583826723 547847.8493802255)
192071,1610120901,102,-,0,,POINT (153345.132587112 543455.8218854259)
192072,1610120801,101,-,1,,POINT (153223.4737549501 543101.3056470203)
192116,1610120201,101,-,0,,POINT (162083.3801434431 545048.8430225201)
192117,1610120301,102,-,0,,POINT (162001.0214310027 545252.163961708)
192269,1610120001,101,-,0,,POINT (149003.1571543348 536584.6311613864)
192313,1610120701,104,-,0,,POINT (166654.7168210391 536808.8638056092)
192412,1610120601,101,-,0,,POINT (155636.5882460165 545699.268361085)
192413,1610120501,101,-,0,,POINT (155608.1847614808 545473.3840216714)
192414,1610120401,101,-,0,,POINT (155443.6524547375 545468.8834538566)
192938,1610122301,101,-,0,,POINT (149556.733324459 541234.079300928)
192939,1610122401,101,-,0,,POINT (149555.9349096243 541254.9257986207)
192940,1610122601,101,-,1,,POINT (149576.140802007 541417.5875560966)
192941,1610122701,101,-,1,,POINT (149789.6933171461 541550.7032121109)
192942,1610121201,101,-,0,,POINT (149562.2978878789 541650.576529256)
193099,1610121101,101,인천국제공항,1,,POINT (152315.5839774874 538779.7207716245)
193100,1610121001,101,-,0,,POINT (151287.7439263322 538707.7438378502)
193464,1610122901,102,-,0,,POINT (153094.1889751735 543287.9324493342)
193465,1610122801,101,-,1,,POINT (153362.3683926917 542894.5980030161)
193466,1610123001,101,-,1,,POINT (153628.762752233 543190.4878794287)
193467,1610123101,101,-,0,,POINT (153864.33187645 543157.2273923175)
193468,1610123401,101,-,1,,POINT (154142.9032924114 543440.4278502382)
193469,1610123201,101,-,1,,POINT (153881.9136579144 543256.9796459142)
193470,1610123301,101,-,0,,POINT (153851.8984712178 543299.1158384007)
193519,1610122501,101,-,1,,POINT (149519.9215083444 541339.0753437037)
193520,1610122201,101,-,1,,POINT (149589.4200027846 541143.5662089564)
193605,1610121701,101,-,1,,POINT (149559.5928667935 541571.2856001656)
193606,1610121401,101,-,1,,POINT (149566.7924275647 541487.0455865667)
193607,1610121601,103,-,0,,POINT (149553.9871668367 541543.7466165812)
193608,1610121501,101,-,1,,POINT (149553.0997279323 541522.484781353)
193609,1610122101,101,-,0,,POINT (150075.7275325193 541437.2302805928)
193610,1610121801,101,-,1,,POINT (149661.512416937 541639.9746216924)
193611,1610121901,101,-,0,,POINT (150052.7869453945 541295.0607971336)
193612,1610121301,101,-,1,,POINT (149621.0500498136 541100.4540143575)
193613,1610122001,101,-,1,,POINT (150058.055837863 541433.1351062069)
