,Unnamed: 0,Id,NODE_TYPE,NODE_NAME,TURN_P,REMARK,latitude,longitude
0,2899,1610099800,101,운서동2820-1,0,,37.49323537976152,126.4822827798181
1,2900,1610099900,102,운서동2820-1,0,,37.493918633351065,126.48220778131773
2,2901,1610100000,102,운서동2820-1,0,,37.493701990153056,126.481870313886
3,2902,1610100100,101,운서동2820-1,0,,37.493035400715016,126.48194531319626
4,2903,1610100200,102,운서동2820-1,0,,37.49349367883013,126.48148285077278
5,2904,1610100300,102,운서동2758-4,0,,37.49312706359028,126.48303271367884
6,2905,1610100400,101,운서동2820-2,0,,37.49209384848698,126.48279524384364
7,2906,1610100500,101,운서동2820-2,0,,37.49228549513291,126.48314521005642
8,2907,1610100600,101,운서동2820-1,0,,37.49260213058897,126.48414511658045
9,2908,1610100700,101,운서동2820-1,0,,37.49382698442633,126.48335767772309
10,2909,1610100800,101,운서동2820-1,0,,37.49400196438566,126.48347016576497
11,2910,1610100900,101,운서동2820-1,0,,37.49426027024209,126.48388262624049
12,2911,1610101000,101,운서동2820-1,0,,37.49436859382548,126.48432008475176
13,2912,1610101100,102,운서동2820-1,0,,37.49444357735982,126.4830452000847
14,2913,1610101200,102,운서동2820-1,0,,37.494651889745334,126.48354515346038
15,2914,1610101300,102,운서동2820-1,0,,37.49481020714147,126.48395761368545
16,2915,1610101400,101,운서동2820-1,0,,37.49436859512136,126.4846575548378
17,2916,1610101500,102,공원사거리,0,,37.49487686825056,126.48437007595658
18,2917,1610101600,101,운서동2820-1,0,,37.49400197158968,126.48464505931308
19,2918,1610101700,101,운서동2820-1,0,,37.493577020157716,126.484632564387
20,2919,1610101800,102,운서동2820-1,0,,37.49388531473827,126.48400761813764
21,2920,1610101900,102,운서동2820-1,0,,37.493510359184675,126.48424509939133
22,2921,1610102000,101,운서동2820-2,0,,37.49351035551624,126.48365765251336
23,2922,1610102100,101,운서동2820-1,0,,37.492985420006605,126.48415761248793
24,2923,1610102200,101,운서동2820-2,0,,37.493143733411614,126.48400762470645
25,2924,1610102300,102,운서동2820-2,0,,37.493310377093955,126.48334518372316
26,2925,1610102400,101,운서동2820-2,0,,37.49293542210213,126.48364515885169
27,2926,1610102500,102,운서동2820-2,0,,37.49279377060323,126.48340768174918
28,2927,1610102600,102,운서동2820-2,0,,37.49278544046953,126.48377014924912
29,7708,1610044000,102,숲쟁이로2,0,,37.48541850333568,126.51897281301878
30,7709,1610044100,101,큰말로1,0,,37.47140619464669,126.51956324350486
31,7710,1610044200,104,두빛나래지하차도,0,,37.47840775409126,126.51969508793125
32,7711,1610044300,101,운남동1770-3,0,,37.47874789459718,126.51974096443327
33,7712,1610044400,101,운남동1788,0,,37.48274398796303,126.52020000301214
34,7713,1610044500,101,운남동1770-3,0,,37.47684006024762,126.520960504444
35,7714,1610044600,101,운남동1770-3,0,,37.47585180337546,126.52149624042367
36,7715,1610044700,101,운남동1770-3,1,,37.4750099203027,126.52195261334327
37,7716,1610044800,101,운남동1773,0,,37.480006748081166,126.5221304703556
38,7717,1610044900,101,운남동1768,1,,37.474508949884864,126.52222417856808
39,7718,1610045000,101,운남동1796,0,,37.47754408051906,126.52269669172196
40,7719,1610045100,101,운남동1797,0,,37.476473555285345,126.52324939430338
41,7720,1610045200,101,운남동1788,0,,37.48384498219826,126.52364365453217
42,7721,1610045300,101,운남동1773,1,,37.48089831503175,126.52478712014883
43,7722,1610045400,102,숲쟁이로1,0,,37.48516827608627,126.52532936708381
44,7723,1610045500,101,운남동1796,0,,37.478570969537785,126.52610770529373
45,7724,1610045600,101,운남동1788,0,,37.48422263965671,126.52626421467556
46,7725,1610045700,101,운남동1797,0,,37.47745826172635,126.5265484625241
47,7726,1610045800,101,운남동1774,0,,37.48144103468853,126.52696142406896
48,7727,1610045900,104,두빛나래지하차도,0,,37.48128001375627,126.52729429065519
49,7728,1610046000,101,찬들로3,0,,37.47890590311099,126.52789289293119
50,7729,1610046100,101,운남동1795,0,,37.47790092597801,126.5283000438903
51,7730,1610046200,101,운남동1795,1,,37.47704338077628,126.52861502560577
52,7731,1610046300,102,운남동1640-1,0,,37.47455151219058,126.52863618893178
53,7732,1610046400,101,운남동1768,1,,37.47650228589673,126.52885196281323
54,7733,1610046500,101,운남동1646-8,1,,37.47565168714657,126.5291905944636
55,7734,1610046600,104,지하차도,0,,37.48202846818807,126.53026006133547
56,7735,1610046700,103,속성변화점,0,,37.489192870732076,126.53199263947907
57,7736,1610054900,101,중산동1983,0,,37.49760002686232,126.56759720554341
58,7737,1610055000,101,뮤엠영어가람점,1,,37.48413888645818,126.56791315836556
59,7738,1610055100,101,중산동1981-3,0,,37.500197259663054,126.56788323912888
60,7739,1610055200,101,중산동1983,1,,37.49826263379573,126.56883689159497
61,7740,1610055300,101,중산동2002,1,,37.485712331687374,126.56956442223962
62,7741,1610055400,101,중산동1984-2,0,,37.49553546427442,126.57077161966475
63,7742,1610055500,101,중산동1983,0,,37.49913176953509,126.57164515340223
64,7743,1610055600,103,속성변화점,0,,37.496559382316235,126.57183151350709
65,7744,1610055700,101,중산동1984-3,1,,37.494682446427866,126.57203685471671
66,7745,1610055800,101,중산동1999,0,,37.50228772082733,126.57211298862175
67,7746,1610055900,101,중산동1999,1,,37.49966887194173,126.57339360584535
68,7747,1610056000,101,청원조경,0,,37.49337514457704,126.57399484005305
69,7748,1610056100,103,속성변화점,0,,37.49870545476611,126.57497340615923
70,7749,1610056200,101,중산동1933-7,0,,37.50031318613431,126.57543395196593
71,7750,1610056300,101,중산동1938-40,0,,37.49978304399003,126.57564326096457
72,7751,1610056400,101,은하수로3,0,,37.49235145679161,126.57630043123883
73,7752,1610056500,101,중산동1938-40,0,,37.497534831047126,126.57674322415713
74,7753,1610056600,101,중산동1946-23,0,,37.500184718353964,126.57696905631667
75,7754,1610056700,101,중산동1946-23,0,,37.497897818885974,126.57795029844918
76,7755,1610056800,102,해이든영종호텔,0,,37.491598389792486,126.57866058714656
77,7756,1610056900,101,해이든영종호텔,0,,37.4920667839872,126.57875225080072
78,7757,1610057000,101,중산동1945,0,,37.49363096530254,126.57907850590952
79,7758,1610057100,101,은하수로1,0,,37.49189725646103,126.58035083739294
80,7759,1610057200,102,영종도선착장,0,,37.491288599898276,126.58114407864788
81,7760,1610057300,101,영종도선착장,0,,37.4917931197244,126.58123550375446
82,7761,1610057400,102,은하수로2,0,,37.49338319383017,126.58154959957594
83,7762,1610057500,102,은하수로시점,0,,37.49170348579512,126.58217842635442
84,7763,1610060700,101,운북동1368-3,1,,37.525693107302324,126.50787870744757
85,7764,1610068900,101,운서동2851-1,0,,37.43970938734936,126.45352951159826
86,7765,1610069000,104,삼목선착장지하차도북측,0,,37.49868267551135,126.45387989971248
87,7766,1610069100,104,삼목선착장지하차도남측,0,,37.495608662712826,126.45421823227477
88,7767,1610069200,106,운서동2851-56,0,,37.442237982392044,126.46601222926006
89,7768,1610069300,104,IBC지하차도서측,0,,37.44158605016172,126.46770459374063
90,7769,1610069400,104,IBC지하차도동측,0,,37.44216656692824,126.46872715987425
91,7770,1610069500,101,운서동2847-1,0,,37.44685745865464,126.47714648123
92,7771,1610069600,106,운서교차로,0,,37.49839227590333,126.47714501438132
93,7772,1610069700,106,운북IC동측,1,,37.50709717477956,126.4966917392372
94,7773,1610069800,102,검역탐지견센터,0,,37.52137974090243,126.50032019516394
95,7774,1610069900,102,예단포1로6,0,,37.52842814485795,126.50033260812747
96,7775,1610070000,101,운북동1355-7,0,,37.52889356832021,126.50131280026184
97,7776,1610070100,101,운북동933-78,1,,37.521251322316026,126.5014822138623
98,7777,1610070200,101,운북동1354-17,0,,37.52859784473633,126.50156620529687
99,7778,1610070300,101,운북동1357-19,0,,37.5287711468256,126.50196016538769
100,7779,1610070400,101,운북동1355-7,0,,37.529333860206876,126.50227072150192
101,7780,1610070500,102,예단포1로시점,0,,37.53102306993583,126.50231109524194
102,7781,1610070600,101,운북동1358-7,0,,37.5290345018945,126.50251067887838
103,7782,1610070700,101,예단포2로4,0,,37.526517836181725,126.50268004471232
104,7783,1610070800,101,운북동1359-15,0,,37.52965899160588,126.50298527503173
105,7784,1610070900,101,미단희망로1,0,,37.52740605211208,126.50301537708087
106,7785,1610071000,101,미단소망로1,0,,37.52624051638356,126.5030590277203
107,7786,1610071100,103,속성변화점,0,,37.528715000242066,126.50318923767787
108,7787,1610071200,101,미단희망로2,0,,37.52765716498861,126.50320677577008
109,7788,1610071300,101,운북동1368-2,0,,37.5251236698264,126.5034449413997
110,7789,1610071400,101,예단포2로3,0,,37.527103946922416,126.50345289568611
111,7790,1610071500,101,운북동1360-6,0,,37.52813063308959,126.50355384733561
112,9308,1610105600,101,운서동2811-3,0,,37.50088454181464,126.49070694727449
113,9309,1610105700,101,운서동2811-3,0,,37.501467815010145,126.49199432487607
114,9310,1610105800,101,운서동2706-3,0,,37.501309502796445,126.4924942812242
115,9311,1610105900,101,운서동2811-3,0,,37.50006797412308,126.49148188356689
116,9312,1610106000,101,운서동2811-3,0,,37.49971801286919,126.49113191867893
117,9313,1610106100,101,운서동2811-3,0,,37.50057624268405,126.49039447769603
118,9314,1610106200,101,운서동2811-1,0,,37.502251043812144,126.48959453582522
119,9315,1610106300,101,운서동2811-1,0,,37.50224271446299,126.49009449009
120,9316,1610106400,101,운서동2657-2,0,,37.5013511437327,126.48878211727518
121,9317,1610106500,102,운서동2811-2,0,,37.50107617302082,126.48834465972817
122,9318,1610106600,102,운서동2811-2,0,,37.500934524669105,126.48875712295822
123,9319,1610106700,102,운서동2811-2,0,,37.50177609164138,126.48838215022401
124,9320,1610106800,102,운서동2811-1,0,,37.50217604602473,126.48843214109277
125,9321,1610106900,102,운서동2811-1,0,,37.50265932775966,126.48920706678915
126,9322,1610107000,102,운서동2811-1,0,,37.503084278203765,126.48914456825257
127,9323,1610107100,102,운서동2811-1,0,,37.50311760201299,126.48821965204841
128,9324,1610107200,102,운서동2811-1,0,,37.503425905348244,126.48913206661501
129,9325,1610107300,102,운서동2811-1,0,,37.50345090609237,126.48975701011963
130,9326,1610107400,102,운서동2811-1,0,,37.503759205564464,126.4901069750867
131,9327,1610107500,102,운서동2811-1,0,,37.50379253708643,126.49053193611941
132,9328,1610107600,102,운서동2811-1,0,,37.50342591062712,126.49013197586791
133,9329,1610107700,102,운서동2811-1,0,,37.50294263323152,126.49014447944147
134,9330,1610107800,102,운서동2811-1,0,,37.50260933577369,126.48960703061302
135,9331,1610107900,102,운서동2811-1,0,,37.50260100638475,126.49010698613571
136,9332,1610108000,102,운서동2811-1,0,,37.50185942221228,126.48956954073819
137,9333,1610108100,102,운서동2811-1,0,,37.501867757688515,126.49008199438704
138,9334,1610108200,102,운서동2811-3,0,,37.50181776714866,126.49063194512294
139,9335,1610108300,102,운서동2811-3,0,,37.50160112681846,126.49095691780707
140,9336,1610108400,102,운서동2811-3,0,,37.50113451863096,126.49163186042767
141,9337,1610108500,102,운서동2811-3,0,,37.500842887356505,126.49195683436938
142,157728,1610000100,106,인천국제공항공사진입로,1,,37.43999096600553,126.4649496097432
143,157729,1610000101,101,운서동2850-10,1,,37.43979002378015,126.4645860715934
144,157730,1610000102,101,운서동2850-10,1,,37.4397667838315,126.45995905868489
145,157731,1610000103,101,운서동2850-10,1,,37.43957787287878,126.46413449659215
146,157732,1610000104,101,운서동2850-10,1,,37.43937215447807,126.46244334165151
147,157733,1610000105,101,합동청사역(인천자기부상),0,,37.439983594319635,126.4594266725296
148,157734,1610000200,106,운서동2848,1,,37.441165483667184,126.4708325954818
149,157735,1610000300,106,인천국제공항입구,1,,37.44413580564459,126.46500400997463
150,157736,1610000500,101,운서동2851-55,0,,37.44518715190157,126.46370213652376
151,157737,1610000600,106,신불IC남측,1,,37.45156962066824,126.48889598001217
152,157738,1610000700,106,신불IC서측,0,,37.45905965140553,126.48582763674645
153,157739,1610000800,106,신불IC북측,0,,37.461883745343556,126.48862004241283
154,157740,1610000900,101,신광사거리,1,,37.46442612045582,126.63600244954996
155,157741,1610001000,101,신흥사거리,1,,37.46657230745663,126.63488360535437
156,157742,1610001001,101,율목동행정복지센터,1,,37.46908593109528,126.63630647302276
157,157743,1610001100,101,답동사거리,1,,37.47013255762421,126.627445823682
158,157744,1610001101,101,경동사거리,1,,37.472312604283644,126.62895969689828
159,157745,1610001200,101,신포사거리,1,,37.47022733907365,126.62384679268509
160,157746,1610001201,101,해안동1가15,1,,37.47219315666058,126.62031199604702
161,157747,1610001202,101,해안동2가11,0,,37.471527540397275,126.62149052764136
162,157748,1610001203,101,해안동3가4,0,,37.47082830451272,126.6227285231724
163,157749,1610001500,101,제물진두순교성지,0,,37.473422151648016,126.61813582448276
164,157750,1610001600,101,인천역사거리,1,,37.47523540230294,126.61748988643393
165,157751,1610001700,101,인천역2번출구,0,,37.476986651445785,126.6174606674199
166,157752,1610001800,101,선광아파트,0,,37.47819858914395,126.6178286046997
167,157753,1610001900,101,인천동화마을공영주차장,0,,37.47900443306292,126.61840935530023
168,157754,1610002000,101,만석고가교,0,,37.480339120246526,126.62017694955004
169,157755,1610002100,106,공항신도시IC남측,1,,37.482696932763936,126.4871148872075
170,157756,1610002200,106,공항신도시IC서측,1,,37.48758355572156,126.48529157855545
171,157757,1610002300,106,공항신도시IC북측,1,,37.4892929952895,126.49171194892311
172,157758,1610002400,104,삼목지하차도남측,0,,37.49161618344144,126.48130116673266
173,157759,1610002500,101,삼목1사거리,1,,37.49320693279385,126.479865104942
174,157760,1610002800,106,운북IC서측,0,,37.505131776345365,126.48949775743955
175,157761,1610002900,106,공항입구IC서측,0,,37.50681733888241,126.50379176196324
176,157762,1610003000,106,공항입구IC,0,,37.50727624595631,126.51247923063049
177,157763,1610003100,104,영종대교,1,,37.53527874510207,126.56003651115341
178,157764,1610003200,101,영종해안남로2,1,,37.423682808302125,126.42521807371224
179,157765,1610003400,101,내외정보통신신도림테크,0,,37.42913765080416,126.45624819887013
180,157766,1610003401,101,운서동2854-5,0,,37.437620301972295,126.47128341988093
181,157767,1610003500,103,속성변화점,0,,37.4408783702093,126.45292472945394
182,157768,1610003700,101,운서동2850-10,1,,37.441466339111244,126.45775304275392
183,157769,1610003800,101,운서동2851-22,0,,37.441641307833144,126.45431744844416
184,157770,1610003900,101,운서동2851-22,0,,37.44207180777665,126.45457748007445
185,157771,1610004000,101,운서동2851,0,,37.442088338569484,126.45153660462333
186,157772,1610004200,101,운서동2851-22,1,,37.44268233960424,126.44968888644877
187,157773,1610004300,101,LG유플러스,0,,37.442867526767216,126.45649794816207
188,157774,1610004400,101,LG유플러스,1,,37.443069964366984,126.45631222983235
189,157775,1610004600,101,천일택배동인천영업소,1,,37.44460718210038,126.59948772967267
190,157776,1610004601,101,항동7가82-3,0,,37.444228621883035,126.60311184749445
191,157777,1610004602,101,항동7가72,0,,37.446849984271516,126.59755060822862
192,157778,1610004700,101,장기주차장역4번출구,1,,37.44421215156693,126.45528385518823
193,157779,1610004800,101,운서동2851-22,0,,37.444915056990446,126.4596106985279
194,157780,1610004900,101,운서동2851,0,,37.4448772767146,126.45016551075933
195,157781,1610005000,101,운서동2851-22,0,,37.44509055726023,126.46042694929102
196,157782,1610005100,101,운서동2851,0,,37.445224277046414,126.4513079174368
197,157783,1610005200,101,속성변화점,0,,37.44590211962356,126.46310763567296
198,157784,1610005300,101,연안119안전센터,0,,37.44681574447059,126.60462863653605
199,157785,1610005400,101,인천공항1터미널역2번출구,1,,37.446358339147636,126.45347819886261
200,157786,1610005500,101,GS25인천국제공항2호점,0,,37.4464951518228,126.44978079272344
201,157787,1610005600,101,에덴펜션,0,,37.44666277667283,126.4596300423232
202,157788,1610005700,103,속성변화점,0,,37.4474179953352,126.59753713696107
203,157789,1610005800,101,인천국제공항,1,,37.44692940085621,126.46142513623222
204,157790,1610005900,101,청해수산,1,,37.4480543080626,126.60166394888225
205,157791,1610005901,101,항동7가107-1,1,,37.449502345788254,126.60259357895285
206,157792,1610006000,101,운서동2851,0,,37.44774574528039,126.45575238650214
207,157793,1610006100,102,운서동2851,0,,37.44853549456856,126.45564029256883
208,157794,1610006200,101,개항탑사거리,1,,37.449545276403065,126.62457071632267
209,157795,1610006300,101,대일유통,1,,37.44972296442037,126.59748241756269
210,157796,1610006400,101,준서예건,0,,37.4497676204306,126.60657841737817
211,157797,1610006500,101,푸드엠파이어인천공항동편점,0,,37.44920362040625,126.45434226091382
212,157798,1610006600,101,하이그린산업,0,,37.45099933872625,126.60355469941689
213,157799,1610006700,101,시몬수산,0,,37.45271658883947,126.60844876167322
214,157800,1610006900,101,인천항연안여객터미널,1,,37.453227651437615,126.59833660500583
215,157801,1610007000,101,신용보증기금인천지점,1,,37.45364450227528,126.62721513501207
216,157802,1610007100,101,어시장사거리,1,,37.45400061969695,126.60540126144194
217,157803,1610007200,101,천수공간공원삼거리,1,,37.45523715159481,126.60233801211287
218,157804,1610007300,101,항동7가27-184,1,,37.4552749321073,126.61003788611531
219,157805,1610007500,101,운서동2854-1,0,,37.455904620629866,126.49337757366888
220,157806,1610007600,101,인천활어도매종합센타사거리,1,,37.456541838876525,126.60702204261113
221,157807,1610007700,101,운서동2846-3,1,,37.45659652643155,126.4908918544435
222,157808,1610007800,101,연안사거리,1,,37.457252401176326,126.60534088695606
223,157809,1610007900,102,옹진수협냉동냉장창고,0,,37.45797221416227,126.59617816775305
224,157810,1610008000,101,인천항사거리,1,,37.458203182479764,126.63024091750668
225,157811,1610008100,104,인천항고가차도북측,0,,37.461133452769474,126.63184970326938
226,157812,1610008200,103,속성변화점,0,,37.46335149546875,126.63910976124599
227,157813,1610008300,101,수인사거리,1,,37.46494024550962,126.6339570743238
228,157814,1610008301,101,신흥동1가99,1,,37.46575428301708,126.63020997018144
229,157815,1610008302,101,신흥동1가99,0,,37.46567345064031,126.63067311580194
230,157816,1610008400,101,사동삼거리,1,,37.46800352638495,126.62515394905301
231,157817,1610008500,103,속성변화점,0,,37.46838230825541,126.60312288651743
232,157818,1610008600,101,도원사거리,1,,37.46867924520225,126.6418006678052
233,157819,1610008700,103,속성변화점,0,,37.469119839257246,126.60188694871086
234,157820,1610008800,103,속성변화점,0,,37.46915902630909,126.59978079330942
235,157821,1610008801,101,베니키아더블리스호텔,0,,37.472995712455045,126.59827762468963
236,157822,1610008900,101,신포역2번출구,1,,37.46932899573084,126.62305166811024
237,157823,1610008901,101,항동4가33,1,,37.47134648447517,126.61956566154636
238,157824,1610009000,101,유동삼거리,0,,37.47093811982063,126.63736119935975
239,157825,1610009200,103,속성변화점,0,,37.47251855833014,126.62909529229584
240,157826,1610009300,101,배다리사거리,1,,37.47271355797789,126.63515348060287
241,157827,1610009400,103,속성변화점,0,,37.472798995603114,126.63548826174708
242,157828,1610009500,104,우회고가교,0,,37.47291337003989,126.6167673244433
243,157829,1610009600,101,기념탑교회,1,,37.47369505741479,126.61587185464134
244,157830,1610009700,101,우회고가사거리,0,,37.47495633840589,126.61592910487268
245,157831,1610009800,101,동인천역앞교차로,0,,37.475205369548526,126.63120532440527
246,157832,1610009900,101,월미도교회,0,,37.475121839176346,126.59947298025399
247,157833,1610010000,101,인천국제공항제2여객터미널,0,,37.474462119590726,126.42843601135425
248,157834,1610010100,101,월미도해양관광뉴코스모스호,0,,37.47527465152193,126.59863479246465
249,157835,1610010101,101,북성동1가98-6,0,,37.477225191720144,126.59897842058375
250,157836,1610010200,101,운남동1640-1,0,,37.4750890582776,126.53298732348365
251,157837,1610010300,101,우회고가사거리,1,,37.47550033885152,126.61605191841959
252,157838,1610010400,101,티토크,0,,37.475993307117534,126.61952076114032
253,157839,1610010500,102,운서동2840,0,,37.47535127671997,126.45173257460822
254,157840,1610010600,101,대한제당인천제당공장,0,,37.476632213532426,126.60667782410253
255,157841,1610010700,101,비둘기어린이집,0,,37.476744713986484,126.62069963698674
256,157842,1610010800,101,생과일모찌카페,1,,37.47690530817194,126.63065498112046
257,157843,1610010900,101,대한제분본사,0,,37.476922713937384,126.62159104354649
258,157844,1610011000,101,W호텔,0,,37.477385776069426,126.59984485567293
259,157845,1610016200,101,연세스터디,0,,37.49699058917046,126.48508591772608
260,157846,1610011100,101,인천꽃동네회관,0,,37.47756293228371,126.61926585474303
261,157847,1610011200,103,속성변화점,0,,37.47750608949861,126.60043847981053
262,157848,1610011300,101,송월목양교회,0,,37.47787399547641,126.61935632422117
263,157849,1610011400,101,북성교회,0,,37.47802299497047,126.61832666762271
264,157850,1610011500,101,대한제분종합연구소,1,,37.478111745174516,126.61662301225724
265,157851,1610011600,101,송월목양교회,0,,37.47831465163535,126.61952451126925
266,157852,1610011700,101,월미도입구교차로,0,,37.47845287074974,126.61421913714491
267,157853,1610011800,103,속성변화점,0,,37.4779853389335,126.45643316721538
268,157854,1610011900,101,송월목양교회,1,,37.47872737059247,126.61880401110402
269,157855,1610012000,101,화평운교사거리,0,,37.47900071378328,126.62788494957971
270,157856,1610012100,101,장엄사,0,,37.479327808315794,126.61982710531406
271,157857,1610012200,101,전동감리교회,1,,37.47950346388699,126.62673282413277
272,157858,1610012300,101,운서동2858-2,0,,37.4788610269339,126.4579792302385
273,157859,1610012301,101,운서동2861-23,1,,37.48106522350594,126.46187109144053
274,157860,1610012400,101,인천자율방범대,0,,37.47957765187721,126.62153644836937
275,157861,1610012500,101,수협은행송월동지점,0,,37.48010940185222,126.62078360537625
276,157862,1610012600,101,만석고가교,0,,37.48043833861975,126.62054591781101
277,157863,1610012700,102,항공기상청,0,,37.48019974518607,126.44750557377752
278,157864,1610012701,101,운서동2840-14,0,,37.48088104670622,126.44872832278116
279,157865,1610012800,103,속성변화점,0,,37.48206971392166,126.56764769865548
280,157866,1610012900,102,운서동2840,0,,37.48225493314682,126.44583832418661
281,157867,1610013000,101,운서동2861-17,1,,37.482688776944094,126.46473801162149
282,157868,1610013100,101,운서동2840-12,0,,37.483659994945285,126.45371613537006
283,157869,1610013200,101,운서동2840-12,0,,37.48412802656591,126.44907769922503
284,157870,1610013201,101,운서동2833-6,0,,37.493747048673335,126.44048662543207
285,157871,1610013202,101,운서동2833-6,0,,37.4919633927485,126.44208975954938
286,157872,1610013203,101,운서동2833-6,0,,37.491083830460454,126.44285595060097
287,157873,1610013204,101,운서동2833-6,0,,37.488280395148855,126.44536426261156
288,157874,1610013300,102,영종해안남로1,0,,37.48616580792994,126.5728456672014
289,157875,1610013400,101,GS주유소국제공항터미널,1,,37.487438245068454,126.46048694854869
290,157876,1610013500,103,속성변화점,0,,37.48994912091301,126.48746004267859
291,157877,1610013501,101,운서동2821,0,,37.49138655291001,126.48487998862853
292,157878,1610013800,101,흰바위사거리,1,,37.491867620192686,126.49140519901479
293,157879,1610013801,101,운서동2821,1,,37.493040295224255,126.49227678683944
294,157880,1610014000,101,흰바위사거리,1,,37.49234205840568,126.49038754302002
295,157881,1610014100,101,예현교회,0,,37.49249040177741,126.48806341765848
296,157882,1610014101,101,운서동행정복지센터,1,,37.49298535326618,126.48807548806516
297,157883,1610014200,101,눈돌사거리,1,,37.49255446383423,126.48494294848662
298,157884,1610014300,101,운서역1번출구,0,,37.49371662091006,126.49277823013958
299,157885,1610014400,101,KB국민은행인천공항신도시지점,0,,37.49388952567299,126.49198051137306
300,157886,1610014500,101,삼목교차로,1,,37.49312463917065,126.4544940245299
301,157887,1610014600,101,영종교회,1,,37.49392308842131,126.49045657450839
302,157888,1610014601,101,운서동행정복지센터,0,,37.493961325800825,126.48871943526771
303,157889,1610014602,101,허브허브호텔,1,,37.493937672485494,126.48979409528552
304,157890,1610014700,101,운서119안전센터,0,,37.49397496422436,126.48809963575783
305,157891,1610014800,103,속성변화점,0,,37.49432718293178,126.48498573031027
306,157892,1610014900,101,제우메스호텔,1,,37.494425026648415,126.49328669941096
307,157893,1610015000,101,한우리교회,1,,37.49460915231213,126.48239076119481
308,157894,1610015100,101,더호텔영종,0,,37.49467237095475,126.49196854255203
309,157895,1610015200,101,사랑의교회,1,,37.49469890151961,126.49049523087628
310,157896,1610015300,101,영종국제하모니교회,1,,37.49474168344993,126.48811835415292
311,157897,1610015400,101,제우메스호텔,0,,37.495017995772244,126.49341401175481
312,157898,1610015500,101,은골사거리,1,,37.49520918331175,126.49051257342249
313,157899,1610015501,101,운서동2814,0,,37.49660203730974,126.49056904407428
314,157900,1610015600,101,영종도서관,1,,37.495238900995425,126.48813047975433
315,157901,1610015700,101,공원사거리,1,,37.49533371418139,126.48501797959604
316,157902,1610015800,101,중산교차로,1,,37.49549166250488,126.54988589283579
317,157903,1610015900,101,돌핀부두교차로,0,,37.49587793228224,126.44302476071893
318,157904,1610016000,101,운서동2833-6,0,,37.49622349547058,126.43837482396033
319,157905,1610016100,101,용유IC북측,0,,37.49767515433721,126.43824702486378
320,157906,1610016400,106,운서IC남측,1,,37.49611918483663,126.47755624323811
321,157907,1610016500,103,속성변화점,0,,37.49808077710706,126.48513151099347
322,157908,1610016501,101,운서동2814,0,,37.4992608151842,126.48518233174812
323,157909,1610016502,101,운서동2814,0,,37.50058109453098,126.48685642272369
324,157910,1610016600,103,속성변화점,0,,37.498570277183575,126.55355163641266
325,157911,1610016700,106,운서IC서측,1,,37.498203553135944,126.47006103051707
326,157912,1610016800,104,삼목교,0,,37.49838368278522,126.47254079262653
327,157913,1610016900,101,가정식당,0,,37.49914646376126,126.49066760513718
328,157914,1610017000,103,속성변화점,0,,37.50024249540717,126.49004579288423
329,157915,1610017001,101,운서동2814,0,,37.500504464652025,126.48910264310183
330,157916,1610017100,103,속성변화점,0,,37.500572338508945,126.48717113665803
331,157917,1610017200,106,운북IC북측,0,,37.5092765023319,126.49508891151741
332,157918,1610017300,102,인천소방항공대,0,,37.52102480788785,126.49914963669958
333,157919,1610017500,101,운남동1494-3,0,,37.46568497798999,126.50590771713118
334,157920,1610017600,106,영종IC,0,,37.46977378771579,126.50629275222282
335,157921,1610017700,104,인천대교TG,0,,37.47006570534797,126.5128999092151
336,157922,1610017800,106,운남동1113-31,1,,37.470490993922986,126.51078663360295
337,157923,1610017900,106,영종IC,0,,37.47202520799564,126.50497020899309
338,157924,1610018000,106,영종IC동측,0,,37.47216220450336,126.51077201432284
339,157925,1610018100,106,영종IC서측,0,,37.47760724356768,126.50206329701119
340,157926,1610018200,106,공항신도시JC도윽,1,,37.48225971739678,126.49411009683165
341,157927,1610018300,103,속성변화점,0,,37.48517387473041,126.48910601293395
342,157928,1610018600,101,인천수협용유지점,0,,37.425684132772105,126.4222077323854
343,157929,1610019100,101,내트럭하우스인천사업소,0,,37.43232387115648,126.62324880940766
344,157930,1610019200,101,속성변화점,1,,37.43235310370003,126.61437977459511
345,157931,1610019300,101,신흥동3가39-29,1,,37.434459274433465,126.62455667799857
346,157932,1610019400,101,남항교차로,1,,37.437507379253425,126.61708660607252
347,157933,1610019500,103,속성변화점,0,,37.43981119510779,126.37920393105904
348,157934,1610019600,101,덕교삼거리,0,,37.44000310620889,126.40458134441307
349,157935,1610019700,101,외딴섬조개구이,0,,37.44059327303843,126.38766068003733
350,157936,1610019800,101,실미도회조개구이,1,,37.44073741269499,126.38645425597906
351,157937,1610019900,101,선녀바위카페,0,,37.44098226731761,126.37800093169658
352,157938,1610020000,101,입구지민박,0,,37.44185598006578,126.38881377636919
353,157939,1610020200,101,자갈치민박,0,,37.442584875841746,126.45547992527293
354,157940,1610020300,102,장기주차장역3번출구,0,,37.44296282669126,126.4551384447599
355,157941,1610020500,101,산마루관광호텔,0,,37.44304755705171,126.37907015855156
356,157942,1610020600,101,호성이네회센타,0,,37.44334916275038,126.38990422201483
357,157943,1610020800,103,속성변화점,0,,37.44390356882406,126.39005909360836
358,157944,1610020900,101,예림교회,0,,37.444180788134794,126.37943676275854
359,157945,1610021000,101,미니스톱을왕해변점,0,,37.444729492277354,126.3765607572387
360,157946,1610021100,101,운서동2848,0,,37.4449029255475,126.48287219826942
361,157947,1610021200,101,예일환경,0,,37.4449166270713,126.4841500894033
362,157948,1610021300,101,운서동2851,0,,37.445365072286016,126.46281410481923
363,157949,1610021500,101,동양염전,1,,37.446711933621096,126.39375954709294
364,157950,1610021600,101,동양염전,0,,37.446910819401204,126.3938794743835
365,157951,1610021700,103,속성변화점,0,,37.44700369143463,126.39534901524331
366,157952,1610021900,101,프랑세즈단팥빵,1,,37.447918223443935,126.38860912489862
367,157953,1610022100,101,스카이,0,,37.448264528797424,126.3908997938224
368,157954,1610022600,102,운서동2851-19,0,,37.46017275623144,126.46529224440836
369,157955,1610022800,101,운서동2842,1,,37.46333999958687,126.48196647568807
370,157956,1610023000,101,운서동2842,1,,37.46756324565057,126.4781823687545
371,157957,1610023100,102,운서동2859-1,0,,37.46780567325799,126.45854680598805
372,157958,1610023200,101,진등교,0,,37.47394185508926,126.48462372136558
373,157959,1610023300,101,삼천리CNG충전소인천월미,0,,37.474906038751804,126.60615463830264
374,157960,1610023400,101,자유무역지역사거리,1,,37.4750923131613,126.47148893549185
375,157961,1610023500,101,우회고가사거리,1,,37.47559292246466,126.61561849567643
376,157962,1610023600,101,운남119안전센터,0,,37.476467922191546,126.60544834477213
377,157963,1610023601,101,북성동1가98-65,0,,37.47796463039931,126.60169251106716
378,157964,1610023700,101,그랜드프라자,0,,37.48055375894894,126.45206694409498
379,157965,1610023701,101,운서동2840-11,0,,37.48125515749701,126.45333945692164
380,157966,1610023800,102,공항동로1,0,,37.47444904589404,126.48564694775942
381,157967,1610023900,101,운서동2840-14,0,,37.482033138517856,126.45081585870031
382,157968,1610023901,101,운서동2840-14,0,,37.482700971400504,126.45199479495972
383,157969,1610024000,101,운서동2840-12,0,,37.4821912835084,126.45502407864576
384,157970,1610024900,101,운남동1550,0,,37.48919135190448,126.53294484808333
385,157971,1610025300,101,운남동1515,1,,37.493568634396205,126.53483597305808
386,157972,1610025301,101,운남동123-3,0,,37.49326003544254,126.53878179676241
387,157973,1610025400,106,화물터미널IC동측,1,,37.49770208853291,126.45319818712416
388,157974,1610025600,106,운서IC동측,0,,37.50135316923031,126.48087339306583
389,157975,1610025800,103,속성변화점,0,,37.50425930718584,126.54017692427657
390,157976,1610025801,101,잔다리삼거리,0,,37.50429254464212,126.53754087875559
391,157977,1610025900,101,신일교,0,,37.50936636717396,126.517435105875
392,157978,1610026000,101,금산IC,0,,37.51041407939718,126.52535021658144
393,157979,1610026100,101,금산IC,0,,37.51042738306338,126.52449638235274
394,157980,1610026200,103,속성변화점,0,,37.51064541996051,126.51632560442512
395,157981,1610026300,101,운북동1368-3,1,,37.50997502685411,126.52409007688722
396,157982,1610026500,101,운북동94-25,0,,37.51118603743343,126.52558561057863
397,157983,1610026600,101,두레미술학원,0,,37.51300336064517,126.52909248386581
398,157984,1610026800,102,운북동457-32,0,,37.513641522996025,126.52859428312756
399,157985,1610026900,101,미단중앙로17,0,,37.515095597339666,126.53379495788367
400,157986,1610027100,103,속성변화점,0,,37.51548845211786,126.50954100204711
401,157987,1610027300,101,영종순환로1,0,,37.51973286446807,126.50124684864258
402,157988,1610028900,101,인천항고가교남측,0,,37.438180609140936,126.61746766809037
403,157989,1610030900,104,인천터널남측,0,,37.463218470728094,126.63296031586117
404,157990,1610031000,101,을왕동893-67,0,,37.460156596144415,126.36353480575949
405,157991,1610031100,102,을왕동810-262,0,,37.45855333434455,126.3678766664315
406,157992,1610031200,101,을왕동810-256,0,,37.45939666763071,126.36801666712157
407,157993,1610031300,102,위너스관광호텔,0,,37.460773333803445,126.36826000007103
408,157994,1610031400,102,탐앤탐스왕산해수욕장점,0,,37.455792918236604,126.37136534971405
409,157995,1610031500,101,왕산마리나길시점,0,,37.46026948713015,126.37176983520712
410,157996,1610031600,101,투썸플레이스왕산해수욕장점,1,,37.45579578016052,126.37190359054864
411,157997,1610031700,102,인천비치관광호텔,0,,37.45155247876889,126.37202279989488
412,157998,1610031800,101,세븐일레븐을왕제일점,0,,37.451917065141764,126.37235483687363
413,157999,1610031900,102,카리브관광호텔,0,,37.44984959716825,126.37277410084069
414,158000,1610032000,102,세븐일레븐을왕제일점,0,,37.45192925398936,126.37283074357369
415,158001,1610032100,104,왕산교,0,,37.47097109960829,126.37283526879278
416,158002,1610032200,101,CU을왕영심이점,1,,37.449953472605124,126.37303187946726
417,158003,1610032300,102,CU을왕영심이점,0,,37.45006425061343,126.3734675147371
418,158004,1610032400,104,왕산교동측,0,,37.47158335631618,126.3738829809784
419,158005,1610032500,101,부동산마스터,1,,37.46625884683618,126.37430163590976
420,158006,1610032700,101,용유중앙교회,1,,37.445634228562696,126.3755809825341
421,158007,1610032800,102,용유중앙교회,0,,37.44570079422601,126.37599752907313
422,158008,1610032900,103,속성변화점,0,,37.45595001149441,126.38601767967604
423,158009,1610033000,101,을왕동976-8,0,,37.45284720355799,126.3913535880998
424,158010,1610033100,103,속성변화점,0,,37.44815027476069,126.3936740994774
425,158011,1610033200,101,운서동2957-1,0,,37.46399995169202,126.40180194266114
426,158012,1610033300,101,남북동981-5,0,,37.459818097519026,126.40249125079565
427,158013,1610033400,101,남북동950-15,0,,37.442213817766714,126.40497864012356
428,158014,1610033500,103,속성변화점,0,,37.445209200217576,126.4090593837416
429,158015,1610033600,101,남북로2,1,,37.44673304730487,126.41095123703704
430,158016,1610033700,103,속성변화점,0,,37.44596089014302,126.41184342715728
431,158017,1610033800,103,속성변화점,0,,37.447637789291825,126.41324419433303
432,158018,1610033900,104,오성산생태통로북서측,0,,37.443400123695845,126.4148656966658
433,158019,1610034000,103,속성변화점,0,,37.44893859655514,126.41621067139505
434,158020,1610034100,104,오성산생태통로남동측,0,,37.44190016808583,126.41669817241059
435,158021,1610034200,101,남북동981-13,0,,37.452579411526095,126.4207885388133
436,158022,1610034300,104,공뎅이생태통로북서측,0,,37.43709804845322,126.42178566505247
437,158023,1610034400,104,공뎅이생태통로남동측,0,,37.436487466132604,126.42245554813752
438,158024,1610034500,102,세신교회,0,,37.426842832422544,126.42260152751365
439,158025,1610034600,101,용유로10,0,,37.425958713713655,126.4227876689006
440,158026,1610034700,101,용유로9,1,,37.426790802277694,126.42293074023627
441,158027,1610034800,101,속성변화점,0,,37.42769827442147,126.42322159259392
442,158028,1610034900,101,용유로11,1,,37.42412191044829,126.42376575679711
443,158029,1610035000,102,영종해안남로1,0,,37.42393070283475,126.42550089935149
444,158030,1610035100,101,용유로4,0,,37.431562073218736,126.42612790944928
445,158031,1610035200,102,용유로5,0,,37.43123107528732,126.42644880661777
446,158032,1610035300,101,운서동2853-2,0,,37.43507499066933,126.4330264261351
447,158033,1610035400,103,속성변화점,0,,37.42716897550844,126.44943339063668
448,158034,1610035500,101,운서동2851-12,1,,37.43029973037591,126.4551691756275
449,158035,1610035600,102,모랫말로5,0,,37.48715783825994,126.49216068946572
450,158036,1610035700,101,모랫말로4,0,,37.48702934778962,126.49249262502592
451,158037,1610035800,102,모랫말로3,0,,37.488107243146494,126.49273889916363
452,158038,1610035900,101,모랫말로2,0,,37.48792164573115,126.49312437140472
453,158039,1610036000,101,흰바위로1,1,,37.49048432443357,126.4944663877059
454,158040,1610036001,101,운서동1427-45,0,,37.491422867883806,126.49238943097407
455,158041,1610036100,103,속성변화점,0,,37.49240314409428,126.49497063997323
456,158042,1610036200,101,호텔레전드,1,,37.49149440623728,126.49519450275842
457,158043,1610036300,101,모랫말로1,0,,37.488928157149026,126.49529087098398
458,158044,1610036400,101,운북동779-2,0,,37.509985381951466,126.49537960595502
459,158045,1610036500,101,스카이시티자이모델하우스,1,,37.49260085566626,126.49600827780566
460,158046,1610036600,102,약초마을영종도점,0,,37.488517699976896,126.49608323112744
461,158047,1610036700,101,햇내로시점,1,,37.48962058024638,126.49634021258426
462,158048,1610036800,101,스카이시티자이모델하우스,1,,37.49371277776273,126.49682847870497
463,158049,1610036900,101,햇내로1,1,,37.490630661390334,126.49707189747652
464,158050,1610037000,101,흰바위로2,1,,37.488667040802845,126.4975486677762
465,158051,1610037100,101,운서동3159,1,,37.49175138793529,126.49788567237331
466,158052,1610037200,101,운서동3161-3,0,,37.4863509492233,126.49847834431208
467,158053,1610037300,102,운북동1338-5,0,,37.50464455332435,126.49843464946368
468,158054,1610037400,101,운서역더타임,1,,37.489952515210184,126.49854954219367
469,158055,1610037500,102,운북동1338-5,0,,37.50600221515671,126.4984991780889
470,158056,1610037600,101,메가박스영종,1,,37.492882189210064,126.49873875514697
471,158057,1610037700,101,운서동3161-3,0,,37.48333166499738,126.49885649341563
472,158058,1610037800,102,화랑목로2,0,,37.493979572946195,126.49903390271285
473,158059,1610037900,102,하늘누리로1,0,,37.47875321476559,126.49926348771234
474,158060,1610038000,101,지엘시티호텔인천공항점,1,,37.4910625335468,126.49934190336431
475,158061,1610038100,102,운북동779-154,0,,37.5029532091955,126.49928379520473
476,158062,1610038200,101,샷업엔테익커피,0,,37.493795087935574,126.49942153994839
477,158063,1610038300,101,운북동1350,0,,37.50458091449784,126.49950512847812
478,158064,1610038400,101,운북동1350,0,,37.50596985299122,126.49958113933405
479,158065,1610038500,101,운북동1348,1,,37.50954591368421,126.4998595114939
480,158066,1610038600,103,속성변화점,0,,37.49002817447421,126.50014469736193
481,158067,1610038700,101,더예스오션,1,,37.49220116613682,126.5001722627881
482,158068,1610038800,101,운북동1350,0,,37.503179888834055,126.50023412198689
483,158069,1610038900,101,운북동1348,1,,37.5122236445644,126.50030255795821
484,158070,1610039000,101,운북동779-103,0,,37.50452951587913,126.50089834575765
485,158071,1610039100,102,영종순환로3,0,,37.51218932654267,126.50092525242052
486,158072,1610039200,101,운서동3164,1,,37.480665923466134,126.50114799900861
487,158073,1610039300,101,운북동779-14,0,,37.50589118343632,126.5009895764665
488,158074,1610039400,103,속성변화점,0,,37.4842721327996,126.50115733016275
489,158075,1610039500,101,운북동779-17,0,,37.50942243311477,126.50111484692204
490,158076,1610039600,102,운남동1600-13,0,,37.479816409976614,126.50151260706112
491,158077,1610039700,101,운남동1598-20,1,,37.480229324329926,126.50191369612892
492,158078,1610039800,101,햇내로3,0,,37.49708908055505,126.5018290758146
493,158079,1610039900,102,운북동656-19,0,,37.50936075991147,126.5017526630568
494,158080,1610040000,103,속성변화점,0,,37.500936896419574,126.50201462300687
495,158081,1610040100,102,화랑목로1,0,,37.4995780771225,126.50207142909778
496,158082,1610040200,101,햇내로4,1,,37.49963471731398,126.50255772247702
497,158083,1610040300,101,힘내라한의원,0,,37.49646079703494,126.50321405711722
498,158084,1610040400,101,운서동3157-3,1,,37.48802494139762,126.50359346399814
499,158085,1610040500,101,젓개로시점,0,,37.50460828634814,126.50387448589186
500,158086,1610040600,101,운서동3051-33,0,,37.49982609831225,126.50436175522506
501,158087,1610049800,103,속성변화점,1,,37.490162536460325,126.5524734635467
502,158088,1610040700,101,GS주유소허브제2셀프,1,,37.485821590181295,126.50472165744947
503,158089,1610040800,101,운북동646-1,0,,37.505259790926736,126.50489393259171
504,158090,1610040900,102,하늘문화로1,0,,37.470538678571664,126.5051762683269
505,158091,1610041000,101,운서동3156,0,,37.49012003507671,126.5056293505176
506,158092,1610041100,102,운남동1600-13,0,,37.4772596980677,126.50577414931091
507,158093,1610041200,101,운서동460-3,0,,37.48618635941343,126.50586801933474
508,158094,1610041300,101,운서동3157-3,1,,37.48348566009597,126.50592993055601
509,158095,1610041400,101,운서동3156,0,,37.48884179354835,126.50608652910577
510,158096,1610041500,101,운남동1789,0,,37.477647661949106,126.50619784717465
511,158097,1610041600,103,속성변화점,0,,37.49190362804996,126.50630421696957
512,158098,1610041700,101,운서동3236,0,,37.487771553327974,126.50668816598888
513,158099,1610041800,101,운남동1768,1,,37.481749334777305,126.50686870155495
514,158100,1610041900,101,운서동3156,0,,37.49385909669604,126.5070363273462
515,158101,1610042000,101,넙디노동상담소,0,,37.484250463505035,126.50713290543267
516,158102,1610042100,101,운서동2934-1,0,,37.484436408807944,126.50741886917599
517,158103,1610042200,102,세븐일레븐인천하늘고점,0,,37.49491564557691,126.50743778215207
518,158104,1610042400,103,속성변화점,0,,37.487979091549526,126.50786476754212
519,158105,1610042500,101,운서동2929-3,0,,37.48322984261932,126.50832404353272
520,158106,1610042600,101,운남동1789,0,,37.47538341223965,126.50999431661549
521,158107,1610042700,101,운남동1768,1,,37.477235991692226,126.51188713693288
522,158108,1610042800,103,속성변화점,0,,37.48295679982418,126.51249563016007
523,158109,1610042900,104,지하차도,0,,37.47292688586313,126.51331934297146
524,158110,1610043000,101,그린나래지하차도,1,,37.47502775843982,126.51557679429376
525,158111,1610043100,102,큰말로4,0,,37.46997040865753,126.5158935716678
526,158112,1610043200,101,운남동1771,0,,37.470285786860345,126.51606501360993
527,158113,1610043300,102,용수말로2,0,,37.47121143144155,126.51623312196817
528,158114,1610043400,101,운남동1772,0,,37.47112031754482,126.51651157954504
529,158115,1610043500,102,용수말로1,0,,37.47102633755668,126.51679063820944
530,158116,1610043600,101,운남동1772,0,,37.47267958463474,126.5173177853827
531,158117,1610043700,104,지하차도,0,,37.477059350311166,126.51786411348613
532,158118,1610043800,101,해수피아이발,1,,37.473811895555244,126.51789077669952
533,158119,1610043900,101,운남동1770-3,0,,37.480869056421675,126.51785927313283
534,158120,1610046800,101,운남동1768,1,,37.477616565623656,126.53300594565745
535,158121,1610046900,101,운남동1785,0,,37.480172048475126,126.53299004230806
536,158122,1610047000,101,푸른나래지하차도,1,,37.48261315230454,126.53298681427988
537,158123,1610047100,101,운남동314,0,,37.486807247661424,126.53300313226949
538,158124,1610047200,101,숲쟁이로종점,0,,37.484963523872715,126.53302266703385
539,158125,1610047300,102,운남로2,0,,37.486802850357776,126.53333822076755
540,158126,1610047500,104,지하차도,0,,37.48328855586258,126.53604067820993
541,158127,1610047600,104,푸른나래지하차도,0,,37.48359275701365,126.53701701482788
542,158128,1610047700,104,전소1교동측,0,,37.48378077116488,126.53754534900672
543,158129,1610047800,104,전소2교,0,,37.481899427458664,126.53798513847772
544,158130,1610047900,104,전소2교,0,,37.482014734963364,126.53851540620339
545,158131,1610048000,104,송산1교서측,0,,37.48471186981613,126.53972941262839
546,158132,1610048100,104,하늘교,0,,37.480843424721364,126.53984892566747
547,158133,1610048200,104,송산2교,0,,37.48301073719342,126.54022937290816
548,158134,1610048300,104,하늘교,0,,37.481107910728575,126.54044195057703
549,158135,1610048400,104,송산1교동측,0,,37.48510824408834,126.54050777551014
550,158136,1610048500,101,송산2교,0,,37.48341799756899,126.54074290892284
551,158137,1610048600,103,속성변화점,0,,37.482330015920205,126.54124356684923
552,158138,1610048700,101,운남동1775,1,,37.4815499303535,126.54166133403461
553,158139,1610048800,102,고들재로종점,0,,37.486819958695435,126.5437663041187
554,158140,1610048900,101,운남동1782,0,,37.48543246222995,126.54494087697537
555,158141,1610049000,101,운남동1782,0,,37.48437634077085,126.54557582650357
556,158142,1610049100,101,운남동1775,1,,37.483205165266575,126.54617448441131
557,158143,1610049200,104,해찬나래지하차도,0,,37.49179000535496,126.54846397225997
558,158144,1610049300,101,중산동1992,1,,37.48364805388034,126.54981963163375
559,158145,1610049400,101,광민교회,0,,37.484768093102275,126.549885624824
560,158146,1610049500,101,구립중산어린이집,0,,37.48602924620234,126.54995972485882
561,158147,1610049600,101,신서해신협본점,1,,37.494468279653276,126.55128765349907
562,158148,1610049700,101,하늘달빛로종점,1,,37.49073971391759,126.55160240531252
563,158149,1610049900,103,속성변화점,1,,37.49165317436114,126.55258110162637
564,158150,1610050000,101,처갓집양념치킨하늘도시점,1,,37.49279575173398,126.55374649512527
565,158151,1610050100,104,해찬나래지하차도,0,,37.49703193673314,126.55404246119754
566,158152,1610050200,103,속성변화점,1,,37.48881818759172,126.55441112980223
567,158153,1610050300,103,속성변화점,1,,37.4937053110796,126.55472092851124
568,158154,1610050400,101,중산동1992,1,,37.48340629091476,126.55492789263045
569,158155,1610050500,101,돌팍재삼거리,0,,37.499619431234635,126.55538326252426
570,158156,1610050600,103,속성변화점,1,,37.48805719797137,126.55553752639445
571,158157,1610050700,103,속성변화점,1,,37.48624114307071,126.55566495717714
572,158158,1610050800,101,중산동1977,0,,37.49483609943222,126.55588855146817
573,158159,1610050900,104,두미포로교량,0,,37.49921745280631,126.55603669553798
574,158160,1610051000,104,두미포로교량,0,,37.498938406421225,126.55663676743148
575,158161,1610051100,101,하늘달빛로3,1,,37.48726792795621,126.5567538150423
576,158162,1610051200,103,속성변화점,1,,37.49391760783992,126.55729270419714
577,158163,1610051300,101,만수채뷔페,1,,37.488258877505196,126.55782496380614
578,158164,1610051400,103,속성변화점,1,,37.48648556118032,126.55790721434464
579,158165,1610051500,101,중산동1992,1,,37.48327748342472,126.55809288641963
580,158166,1610051600,103,속성변화점,1,,37.492904248575385,126.55883201590848
581,158167,1610051700,101,SK주유소영종행복셀프,1,,37.489324346679396,126.558904678287
582,158168,1610051800,102,중산동1969-1,0,,37.478687015989,126.55899983962627
583,158169,1610051900,101,중산동1980-1,0,,37.49804464932415,126.5591972782786
584,158170,1610052000,101,노빌리티어린이집,1,,37.48534774803345,126.55963705836166
585,158171,1610052100,101,중산동1987,1,,37.49034882915996,126.56002355562892
586,158172,1610052200,101,우프우프,0,,37.48635115866052,126.56070066686456
587,158173,1610052300,101,중산동1979,1,,37.49138321774277,126.56108481373354
588,158174,1610052400,101,중산동1992,1,,37.48433783608574,126.56115071299324
589,158175,1610052500,102,중산동1873-25,0,,37.48692726677674,126.5612881390155
590,158176,1610052600,103,속성변화점,0,,37.49693335802706,126.56129012322981
591,158177,1610052700,101,중산동2002,1,,37.48377139037878,126.56198462812765
592,158178,1610052800,102,태영생막창,0,,37.48786844484028,126.56228783251251
593,158179,1610052900,103,속성변화점,0,,37.49052692123108,126.56240246175977
594,158180,1610053000,103,속성변화점,0,,37.49281398087197,126.5625767839387
595,158181,1610053100,101,중구농협,0,,37.48847139045943,126.56288265193822
596,158182,1610053200,103,속성변화점,0,,37.49676340032439,126.56286940652872
597,158183,1610053300,101,중산동2002,0,,37.483036632084506,126.56313315429429
598,158184,1610053400,103,속성변화점,1,,37.49004978705007,126.56311204668482
599,158185,1610053500,101,중산동1993,1,,37.48640362354,126.5632776262061
600,158186,1610053600,101,하늘별빛로3,1,,37.48947479763538,126.5639530790968
601,158187,1610053700,101,중산동2003,0,,37.484586166788496,126.56474703815208
602,158188,1610053800,103,속성변화점,1,,37.49503365315469,126.56490653271182
603,158189,1610053900,101,이브자리영종하늘도시점,1,,37.48845227534802,126.5654556126586
604,158190,1610054000,101,중산동1985,0,,37.49563799741408,126.56556126109699
605,158191,1610054100,101,중산동2003,1,,37.48557926382471,126.56577336839553
606,158192,1610054200,101,중산동1998,0,,37.502725888523585,126.56588485417366
607,158193,1610054300,101,중산동2002,1,,37.48787456473529,126.56631053706674
608,158194,1610054400,101,씨사이드파크하늘구름광장,1,,37.48315767288783,126.56687179348398
609,158195,1610054500,102,하늘중앙로4,0,,37.497827562126936,126.56723684595552
610,158196,1610054600,101,중산동2002,1,,37.487127675442416,126.5674157875741
611,158197,1610054700,101,중산동1981-3,0,,37.50116081669354,126.56742324776572
612,158198,1610054800,102,오작로3,0,,37.5000706617901,126.56748900574712
613,158199,1610060800,101,운북동1368-2,0,,37.52820067142248,126.50910091538017
614,158200,1610060900,101,운북동1368-3,1,,37.52369181918417,126.51037034561206
615,158201,1610061000,101,운북동1301,1,,37.52873054048196,126.51155672801715
616,158202,1610061100,102,영종순환로11,0,,37.52900994223754,126.51167463744227
617,158203,1610061200,102,미단뉴타운로4,0,,37.528218412944355,126.51200127433744
618,158204,1610061300,101,운북동1325,0,,37.52819668895514,126.51251326511522
619,158205,1610061400,101,운북동1319,0,,37.52768921931743,126.51258541194255
620,158206,1610061500,101,미단뉴타운로1,0,,37.52653270845409,126.51308382220635
621,158207,1610061600,101,미건특수산업,0,,37.527570434215065,126.51326265797994
622,158208,1610061700,101,미단뉴타운로7,0,,37.5267542644171,126.5136271454546
623,158209,1610061800,101,운북동1318,0,,37.52557529735079,126.51402840087542
624,158210,1610061900,101,미단중앙로2,1,,37.52615406658057,126.51419301253497
625,158211,1610062000,101,에어파킹24,0,,37.52717170993679,126.51427097171587
626,158212,1610062100,101,미단뉴타운로5,0,,37.52756646738952,126.51461562887326
627,158213,1610062200,102,미단중앙로5,0,,37.52398174124575,126.51467352382392
628,158214,1610062300,101,미단중앙로3,0,,37.52664877426672,126.51493062250948
629,158215,1610062400,102,미단뉴타운로6,0,,37.52697856179495,126.515418626448
630,158216,1610062500,101,운북동1315,0,,37.52446053976482,126.51545611590007
631,158217,1610062600,101,운북동1301,1,,37.52705952086487,126.5161711475001
632,158218,1610062700,101,평택영상정보운영사업소,1,,37.51722848260281,126.51653189093224
633,158219,1610062800,102,스타속눈썹전문샵,0,,37.517339020753525,126.51674666247588
634,158220,1610062900,102,미단중앙로9,0,,37.528641514282235,126.51675060742117
635,158221,1610063000,101,미단중앙로6,0,,37.524473245631015,126.51681191638946
636,158222,1610063100,102,미단중앙로7,0,,37.52409209279784,126.51716905749585
637,158223,1610063200,101,운북동1305,0,,37.527857836426996,126.51748526849074
638,158224,1610063300,101,영종순환로8,1,,37.52516094411274,126.51796582776626
639,158225,1610063400,101,운북동1305,0,,37.528609650679805,126.51875032625797
640,158226,1610063500,101,운북동1301,1,,37.52413442231427,126.51894489241481
641,158227,1610063600,103,속성변화점,0,,37.52983714680971,126.51930004593828
642,158228,1610063700,101,운북동1307,0,,37.52490963243414,126.52022696361502
643,158229,1610063800,101,운북동1305,1,,37.52867817808887,126.52021285411688
644,158230,1610063900,101,운북동1307,0,,37.525646934430405,126.52145273188208
645,158231,1610064000,101,운북동1301,1,,37.52261542831912,126.52223806517082
646,158232,1610064100,101,금산제1교차로,1,,37.511274255920156,126.52238721163489
647,158233,1610064200,101,운북동1310,0,,37.523746671065645,126.5227022612217
648,158234,1610064300,101,운북동1305,0,,37.52637664333918,126.52269024635729
649,158235,1610064400,101,운북동1308,0,,37.5248122203779,126.52313322066817
650,158236,1610064500,102,운북동476-17,0,,37.50916403443244,126.52331650660473
651,158237,1610064600,106,금산IC,1,,37.50967521549779,126.5244481695182
652,158238,1610064700,101,운북동1305,0,,37.524619270500125,126.52437100836771
653,158239,1610064800,102,영종역1번출구,0,,37.51235177030005,126.52445424119759
654,158240,1610064900,106,금산IC,1,,37.50842580539996,126.52591386323108
655,158241,1610065000,104,동강1교북측,0,,37.50770211300711,126.52677105972549
656,158242,1610065100,101,운북동1301,1,,37.521610156937115,126.52672757992201
657,158243,1610065200,101,운북동1305,0,,37.52365087684277,126.52780205787658
658,158244,1610065300,102,백운로2,0,,37.50508751589461,126.52845838534796
659,158245,1610065400,101,GS주유소허브제1셀프,0,,37.505398893884205,126.52957482155665
660,158246,1610065500,102,백운로1,0,,37.50550486870109,126.52999682694526
661,158247,1610065600,101,운북동1301,1,,37.52196701174547,126.52998161173296
662,158248,1610065700,101,운북동1313,1,,37.5164838932527,126.53247765681148
663,158249,1610065800,101,운북동1301,1,,37.52157334183943,126.53405618283472
664,158250,1610065900,102,미단중앙로종점,0,,37.51367879186982,126.53529212309134
665,158251,1610066100,101,운남교차로,1,,37.50075329597863,126.53780347412285
666,158252,1610066300,101,운북동1301,0,,37.52053768285967,126.53839601502958
667,158253,1610066400,102,영종순환로1,0,,37.52029530316237,126.53920560640609
668,158254,1610066500,102,보련사,0,,37.49753569887487,126.54510351093691
669,158255,1610066600,101,중촌교차로,1,,37.49816807164945,126.54543502669647
670,158256,1610066700,102,쌍용서비스프라자영종점,0,,37.49874931569819,126.54577834732424
671,158257,1610066800,101,운서동2833-2,0,,37.4930363541982,126.41183633419173
672,158258,1610066900,101,운서동3233-36,0,,37.48358288664691,126.41209475709675
673,158259,1610067000,101,운서동3233-36,0,,37.48780692244521,126.41250000343845
674,158260,1610067100,101,운서동2833-6,0,,37.4913286834461,126.41339480663082
675,158261,1610067200,106,제3국제업무단지IC,0,,37.49015156251211,126.4144391964712
676,158262,1610067300,106,제3국제업무단지IC서측,0,,37.49196250564762,126.41453982756497
677,158263,1610067400,101,운서동2835-1,0,,37.48712281843695,126.41569999833875
678,158264,1610067500,101,운서동2835-3,0,,37.4876756703306,126.41663074538349
679,158265,1610067600,106,제3국제업무단지IC,1,,37.483792035071964,126.42007327155403
680,158266,1610067700,101,제2국제업무단지교차로,0,,37.4802602259213,126.42325119720276
681,158267,1610067800,106,제3국제업무단지IC동측,0,,37.495196397724676,126.42415488573478
682,158268,1610067900,101,아시아나항공항공기정비고,0,,37.4809610733915,126.42448428580894
683,158269,1610068000,102,대한항공항공기정비고,0,,37.47520985429212,126.42926767613955
684,158270,1610068100,101,운서동2833-6,0,,37.49571338743871,126.43871918521023
685,158271,1610068200,101,용유IC교차로,0,,37.49663722133494,126.44271188700745
686,158272,1610068300,106,화물터미널IC서측,1,,37.49695426777144,126.44662923604015
687,158273,1610068400,101,운서동2851-60,0,,37.43492145286711,126.44889030416724
688,158274,1610068500,101,웨스트타워,0,,37.43692148073778,126.44917088643739
689,158275,1610068600,101,운서동2851-22,0,,37.44157762378077,126.44986632483494
690,158276,1610068700,106,화물터미널IC남측,1,,37.495412272670734,126.450370608633
691,158277,1610068800,102,삼목선착장,1,,37.499999915474106,126.45245706235336
692,158278,1610071600,101,미단소망로3,0,,37.52680150145802,126.50380959480906
693,158279,1610071700,101,미단소망로2,0,,37.52647056133755,126.50419342005772
694,158280,1610071800,101,예단포2로2,0,,37.52767370740038,126.50440922397512
695,158281,1610071900,101,운북동1366-6,0,,37.52404449034048,126.50479598628326
696,158282,1610072000,101,예단포2로1,0,,37.5279645213204,126.50497302598664
697,158283,1610072100,101,미단소망로4,0,,37.52760802736189,126.5052328005281
698,158284,1610072200,101,CU미단유커타운점,0,,37.52868910095616,126.50525708911081
699,158285,1610072300,102,예단포1로종점,0,,37.530726657435636,126.50529535599452
700,158286,1610072400,101,이디야커피인천예단포점,1,,37.52828041498188,126.50556021055958
701,158287,1610072500,101,운북동1351-12,0,,37.529110757587056,126.50575717902211
702,158288,1610072600,106,영종IC,1,,37.46638905299309,126.50617501188893
703,158289,1610072700,101,운북동1351-12,0,,37.52964897101296,126.50591197469195
704,158290,1610072800,101,미단교회,0,,37.52707689433771,126.50644720593655
705,158291,1610072900,102,예단포1로4,0,,37.52765308472011,126.50683861774655
706,158292,1610074600,106,금산IC서측,0,,37.50906003010266,126.51814994444352
707,158293,1610074700,106,금산IC북측,0,,37.51510490014887,126.51815498787293
708,158294,1610074800,106,금산IC북측,0,,37.51172514054688,126.52329139324455
709,158295,1610074900,106,금산IC,0,,37.51038364023467,126.52506624390001
710,158296,1610075000,106,금산IC동측,0,,37.512684607795194,126.52749330037751
711,158297,1610075100,106,금산IC동측,0,,37.51418362999507,126.531128668681
712,158298,1610075200,101,운서동3243,0,,37.48774430566074,126.47387109529818
713,158299,1610075300,101,운서동3165-1,1,,37.48234493554057,126.47449608470376
714,158300,1610075400,103,속성변화점,0,,37.477412180766265,126.47582100545316
715,158301,1610075500,101,운서동3183,0,,37.483953113205516,126.47729580255826
716,158302,1610075600,101,스태츠칩팩코리아앞,0,,37.48999332931268,126.47776971156787
717,158303,1610075700,104,삼목지하차도북측,0,,37.495064977271326,126.47820398941012
718,158304,1610075800,103,속성변화점,0,,37.47904533884946,126.4785082601134
719,158305,1610075900,101,운서동3184,0,,37.48208665699818,126.47890818406809
720,158306,1610076000,101,사금교서측,0,,37.49259587598362,126.47886161740279
721,158307,1610076100,104,사금교동측,0,,37.49304738998457,126.47963155092638
722,158308,1610076200,103,속성변화점,0,,37.47574773408514,126.48028292432856
723,158309,1610076300,101,운서동3183,1,,37.48561125201957,126.48022054717245
724,158310,1610076400,101,운서동3167-14,0,,37.480228549102094,126.48052055826382
725,158311,1610076500,101,운서동3171-3,0,,37.479170341335816,126.4814954789538
726,158312,1610076600,101,한국피셔과학알파에이사코리아지,0,,37.483778146042106,126.48193289989655
727,158313,1610076700,101,운서동3190,0,,37.477945487591825,126.48283287158422
728,158314,1610076800,101,운서동3169-5,1,,37.487302756432825,126.48328272858718
729,158315,1610076900,101,티스테이션강남논현점,0,,37.48486070620304,126.48391997291142
730,158316,1610077300,101,운서동2935-1,0,,37.48502753294703,126.50667857488705
731,158317,1610077301,101,운서동2938,0,,37.48591973729544,126.5101172175957
732,158318,1610077302,101,운서동2942,0,,37.485236623908534,126.5069808756569
733,158319,1610077500,101,운남동990-70,0,,37.48203890597736,126.50716078082344
734,158320,1610077501,101,운서동2945,0,,37.48264649109523,126.50774977720131
735,158321,1610077600,101,운서동2902-1,1,,37.48380711178809,126.50792006449008
736,158322,1610077601,101,운서동2941,0,,37.48426165973936,126.50860561060433
737,158323,1610077602,101,운서동2941,0,,37.48465324007149,126.5092054854683
738,158324,1610077900,101,운서동2898-1,0,,37.48491152244465,126.50960537501366
739,158325,1610078000,101,큰말공원,0,,37.48154441558107,126.50983023884673
740,158326,1610078100,103,속성변화점,0,,37.481036965813914,126.50988039337915
741,158327,1610078200,101,운서동2913-1,0,,37.48278474757351,126.50991597794979
742,158328,1610078300,101,GS25운서지구점,0,,37.48313156494423,126.5099355055194
743,158329,1610078301,101,운서동2939,0,,37.483819754124895,126.51001782904989
744,158330,1610078500,101,운서동2897-6,0,,37.48561149238036,126.5106428440642
745,158331,1610078501,101,운서동2940,0,,37.48591147918172,126.5110928636798
746,158332,1610078700,101,운서동2917-12,0,,37.48273676551774,126.51114275847983
747,158333,1610078800,101,인천운서초등학교,0,,37.48305688292162,126.51118199503941
748,158334,1610078801,101,운서초등학교,0,,37.483744487012075,126.51135505293716
749,158335,1610078900,103,속성변화점,0,,37.486161477948656,126.51146972401499
750,158336,1610079000,103,속성변화점,0,,37.482594662211,126.51235776661011
751,158337,1610080900,101,운남동1576,0,,37.49137753933298,126.52807864029397
752,158338,1610081000,101,운남3교,0,,37.49136921799011,126.52975348939049
753,158339,1610081001,101,운남동1575,0,,37.493560431651765,126.53047824931525
754,158340,1610081002,101,영종동행정복지센터,0,,37.49417744284365,126.5324277834559
755,158341,1610081003,101,운남동1575,0,,37.49265359056386,126.52982880230856
756,158342,1610081400,101,운남동1554,0,,37.49130398160099,126.53282011294719
757,158343,1610081401,101,운남동1575,1,,37.49131984165276,126.53230586416957
758,158344,1610081600,101,영종119안전센터,0,,37.48776946054088,126.53300781623199
759,158345,1610081700,101,운남동1514-4,0,,37.49364087926735,126.53349699239423
760,158346,1610081701,101,운남동1581,0,,37.49494269986626,126.53417747803653
761,158347,1610081702,101,운남동561-1,0,,37.498743295423466,126.53729162019691
762,158348,1610081800,101,운남1교,0,,37.49013377349633,126.53447617052923
763,158349,1610081900,101,운남동1556-6,0,,37.49126924299618,126.53460305692649
764,158350,1610089500,102,인천항해상교통관제센터,0,,37.46113569290847,126.6020883367515
765,158351,1610089600,101,인천항제5부두,0,,37.459789977303,126.60704677877354
766,158352,1610089700,101,항동7가46-3,0,,37.458727251411894,126.60745585077767
767,158353,1610089800,101,항동7가27-148,1,,37.45784147625216,126.60881181936021
768,158354,1610089900,103,속성변화점,0,,37.45947337986338,126.61113390359132
769,158355,1610090000,102,선광신컨테이너터미널,0,,37.442714616783036,126.61192096444628
770,158356,1610090100,101,공성세차장,0,,37.45899378084062,126.6123838825213
771,158357,1610090200,103,속성변화점,0,,37.45064940702966,126.61338378415121
772,158358,1610090300,102,항동7가93-7,0,,37.44746645649901,126.61399626310777
773,158359,1610090400,101,항동7가30-2,1,,37.453274918695165,126.61508006393258
774,158360,1610090500,101,항동7가93-17,0,,37.446449916463024,126.61644604069943
775,158361,1610090600,101,항동7가33,0,,37.45705702223537,126.61735836517866
776,158362,1610090700,101,항동7가91-15,0,,37.44879964806099,126.61794588723397
777,158363,1610090800,101,선광종합물류,1,,37.43234068578141,126.61840352531485
778,158364,1610090900,102,항동7가92-9,0,,37.44552504025785,126.61858336315305
779,158365,1610091000,101,신흥동3가56-1,0,,37.441049466264964,126.61931219888821
780,158366,1610091100,101,항동7가95-14,0,,37.45145379583665,126.61967093581708
781,158367,1610091200,101,신흥동3가60-17,1,,37.436328312156085,126.61997411432775
782,158368,1610091300,101,금호타이어인천영업소,0,,37.44442001589828,126.62140353367968
783,158369,1610091400,101,항동7가34-2,0,,37.45520727099894,126.62198297077238
784,158370,1610091500,101,신흥동3가60-6,1,,37.439825712737104,126.62230807478372
785,158371,1610091600,101,항동7가52-2,0,,37.45489896710539,126.62250791496203
786,158372,1610091700,101,롯데팩토리아울렛인천점,0,,37.446787506463686,126.62286659376113
787,158373,1610091800,101,신흥동3가65-13,1,,37.434982068430806,126.62326888004867
788,158374,1610091900,101,항동7가1-19,0,,37.457173714897124,126.6243327344267
789,158375,1610092000,101,신흥동3가50-11,1,,37.44324199608074,126.62445784828587
790,158376,1610092001,101,신흥동3가41,1,,37.44409215945617,126.62498294969858
791,158377,1610092100,101,남문출입문,0,,37.45432405086246,126.62508269263705
792,158378,1610092200,102,신흥동3가70-7,0,,37.43002686705839,126.62543288599133
793,158379,1610092300,101,신흥동3가65-1,1,,37.438534215922765,126.62553279403164
794,158380,1610092400,101,신흥동3가31-39,0,,37.45099877060344,126.62548788232755
795,158381,1610092500,101,신흥동3가45-2,1,,37.44556673445153,126.62584520229679
796,158382,1610092600,102,항동7가1-48,0,,37.45964624962008,126.6258587697828
797,158383,1610092700,101,오렌지자동차운전전문학원,0,,37.45164632214258,126.62590903172737
798,158384,1610092800,101,항동7가1-55,0,,37.45642300994382,126.62644442444059
799,158385,1610092900,101,신흥동3가65-6,1,,37.43801761460684,126.62685768052609
800,158386,1610093000,101,신흥동3가69-19,0,,37.43005187940362,126.62719522540004
801,158387,1610093100,101,선명아암물류센터,1,,37.433377758298825,126.6272615896914
802,158388,1610093200,101,신흥동3가34-11,1,,37.44825943170881,126.62762819436807
803,158389,1610093300,101,신흥동3가33-6,0,,37.449882915994195,126.62785748215032
804,158390,1610093400,102,항동7가1-37,0,,37.4558572291492,126.62796992160747
805,158391,1610093500,102,인천지방해양수산청,0,,37.458942371086565,126.628058897936
806,158392,1610093600,102,수산물수출물류센터,0,,37.444533547527286,126.62853247529564
807,158393,1610093700,101,포드링컨서비스,1,,37.44135891233985,126.62896995449002
808,158394,1610093800,102,신흥동3가41-2,0,,37.44170156549851,126.62919215415151
809,158395,1610093900,101,신흥동3가69-19,0,,37.43005268975784,126.62942208464598
810,158396,1610094100,101,신흥동3가69-1,0,,37.43204576874809,126.63064142110201
811,158397,1610094200,102,신흥동3가69-9,0,,37.4300518998164,126.6320572840488
812,158398,1610094300,104,무의대교남측,0,,37.411530266867594,126.41078959827327
813,158399,1610094400,104,무의대교북측,0,,37.41912091179326,126.4133850300156
814,158400,1610094500,102,큰무리선착장,0,,37.409088665401526,126.41393659801187
815,158401,1610094600,102,잠진도선착장,1,,37.41698836569632,126.41510736400939
816,158402,1610094700,101,잠진교차로,0,,37.420126272213984,126.41573402216231
817,158403,1610094800,101,운서동2847-2,0,,37.4594309289767,126.47643361604113
818,158404,1610094900,101,운서동2844,0,,37.46026417492349,126.47789597565247
819,158405,1610095000,102,을왕동산71-3,0,,37.447906676061564,126.3729805990293
820,158406,1610095100,101,운서동2844,0,,37.46116407963034,126.47947082462632
821,158407,1610095200,102,을왕동980-3,0,,37.45628061165862,126.35630703636089
822,158408,1610095300,104,터널,0,,37.46024685076338,126.36203148190988
823,158409,1610095400,104,터널,0,,37.46010519591086,126.36119405964376
824,158410,1610095500,102,운서동2851-33,0,,37.44068303141124,126.4643098831592
825,158411,1610095600,102,운서동2850-10,0,,37.44043303840968,126.46042273796633
826,158412,1610095700,101,운서동2850-12,0,,37.43896656477954,126.46457237539937
827,158413,1610095800,102,운서동2850-34,0,,37.43912488713106,126.46587225583174
828,158414,1610095900,101,운서동2850-12,0,,37.4383223341785,126.46243702832436
829,158415,1610096000,101,운서동2850-16,0,,37.438049982411286,126.4607477302651
830,158416,1610096100,102,베스트웨스턴프리미어인천에어포,0,,37.43859158583093,126.4606352357654
831,158417,1610096200,101,베스트웨스턴프리미어인천에어포,0,,37.43839993279882,126.45909787644824
832,158418,1610096300,101,베스트웨스턴프리미어인천에어포,1,,37.438741560518665,126.459310354129
833,158419,1610096400,101,운서동3215-2,0,,37.435208618295725,126.45606068002792
834,158420,1610096500,101,운서동2851-27,0,,37.43939146158908,126.455148225289
835,158421,1610096600,102,운서동2874,0,,37.4360918526214,126.45671061348474
836,158422,1610096700,101,운서동2847-3,0,,37.443474454456016,126.47832108895255
837,158423,1610096800,101,운서동2847-2,0,,37.45775610570968,126.47340890470846
838,158424,1610096900,101,운서동2847-2,1,,37.45848102962043,126.47470878139184
839,158425,1610097000,102,운서동산460,0,,37.45541475170023,126.4806707678818
840,158426,1610097100,101,운서동2844,0,,37.46256392313148,126.48053321643629
841,158427,1610097200,101,운서동3202,0,,37.45935592376606,126.47393384302123
842,158428,1610097300,101,운서동3202,0,,37.460547464556896,126.47602114352947
843,158429,1610097400,101,운서동3202,0,,37.46171400755459,126.47813344110077
844,158430,1610097500,102,운서동3202,0,,37.459872545541096,126.47663359393114
845,158431,1610097600,101,운서동3202,0,,37.4626305637744,126.47733350537641
846,158432,1610097700,101,운서동2844,0,,37.463822104975804,126.479458302593
847,158433,1610097800,102,운서동2844,0,,37.46437204671677,126.4804332088093
848,158434,1610097900,101,운서동2844,0,,37.462888883993315,126.48025823781315
849,158435,1610098000,103,속성변화점,0,,37.45883100137851,126.4769085783853
850,158436,1610098100,101,운서동2864-46,0,,37.48241984235885,126.46065983898056
851,158437,1610098200,101,운서동3200,0,,37.48346137320223,126.4580600656635
852,158438,1610098300,102,운서동3200,0,,37.48486120452347,126.45681016644126
853,158439,1610098400,101,운서동3200,0,,37.48410297248276,126.45917245825366
854,158440,1610098500,101,운서동2864-44,0,,37.48472790600559,126.4602723535699
855,158441,1610098600,101,운서동2864-41,0,,37.48304477658351,126.46175973355568
856,158442,1610098700,102,운서동2864-45,0,,37.481978238515026,126.46272215635697
857,158443,1610098800,101,운서동2864-41,0,,37.48367804302454,126.46288462588072
858,158444,1610098900,102,운서동2864-41,0,,37.483019788499675,126.46347207811904
859,158445,1610099000,101,운서동2864-38,0,,37.48534450809714,126.46139724567784
860,158446,1610099100,102,운서동3200,0,,37.485411147502965,126.45801005249929
861,158447,1610099200,102,운서동2864-43,0,,37.48611940421086,126.45903495239364
862,158448,1610099300,102,운서동2864-36,0,,37.486511032885296,126.46037232756096
863,158449,1610099400,102,운서동2833-6,0,,37.490252145174054,126.43911172269021
864,158450,1610099500,103,속성변화점,0,,37.49070215336136,126.44972325575905
865,158451,1610099600,102,운서동2860-2,0,,37.49571004925796,126.47462095273217
866,158452,1610099700,101,운서동2820-1,0,,37.493427026101834,126.48263274661586
867,164221,1610102700,102,운서동2820-2,0,,37.49258545837002,126.4828702333637
868,164222,1610102800,101,운서동2820-1,0,,37.49218551196082,126.48414512108435
869,164223,1610102900,101,운서동2820-1,0,,37.49183555401713,126.48433260751544
870,164224,1610103000,101,운서동2820-2,0,,37.49137727377093,126.48437010820592
871,164225,1610103100,102,운서동2820-1,0,,37.49193553751186,126.48349518180524
872,164226,1610103200,102,운서동2820-2,0,,37.49159391269924,126.48385765225515
873,164227,1610103300,101,운서동2820-2,0,,37.49079400898396,126.48445760519023
874,164228,1610103400,101,운서동2820-2,0,,37.49042738558644,126.48464509142849
875,164229,1610103500,102,운서동2820-2,0,,37.48996910458254,126.48459510007483
876,164230,1610103600,102,운서동2820-2,0,,37.49062735820979,126.48398265015923
877,164231,1610103700,102,운서동2820-2,0,,37.4902857331021,126.48433262074558
878,164232,1610103800,101,운서동행정복지센터,0,,37.49296878048118,126.48866970310205
879,164233,1610103900,101,운서동2812,0,,37.500492876116496,126.48303264700945
880,164234,1610104000,101,운서동2811-2,0,,37.50134281345461,126.48915708368311
881,164235,1610104100,101,운서동2811-2,0,,37.501759431494634,126.48919457577506
882,164236,1610104200,101,운서동2811-1,0,,37.502259373661985,126.48921956944227
883,164237,1610104300,101,운서동2811-1,0,,37.502409353953624,126.48871961372949
884,164238,1610104400,101,운서동2811-1,0,,37.50267598836709,126.48846963328457
885,164239,1610104500,101,운서동2811-1,0,,37.50310093861953,126.4884446322348
886,164240,1610104600,101,운서동2811-1,0,,37.50361754902547,126.48900707675872
887,164241,1610104700,101,운서동2811-1,0,,37.503834192873214,126.48949453030347
888,164242,1610104800,101,운서동2811-1,0,,37.50401750732031,126.4899194900509
889,164243,1610104900,101,운서동2811-1,0,,37.503725880722136,126.49101939250608
890,164244,1610105000,101,운서동2811-1,0,,37.50335925584064,126.49075692025836
891,164245,1610105100,101,운서동2811-1,0,,37.50293430471422,126.49080691880337
892,164246,1610105200,101,운서동2811-1,0,,37.50223438510585,126.49070693442872
893,164247,1610105300,101,운서동2811-3,0,,37.502051074453,126.49090691874206
894,164248,1610105400,101,운서동2811-3,0,,37.50184276714226,126.49120689283897
895,164249,1610105500,101,운서동2811-3,0,,37.501609463094006,126.49153186502207
896,164250,1610108600,101,운서동2811-2,0,,37.50129282160445,126.48955704729042
897,164251,1610108700,101,운서동2811-2,0,,37.501201167221424,126.48995701217758
898,164252,1610108800,101,운서동2811-2,0,,37.5010595196791,126.49035697662288
899,164253,1610108900,102,운서동2811-2,0,,37.50153445986469,126.48955704549523
900,164254,1610109000,102,운서동2811-2,0,,37.50150113301395,126.48999450595228
901,164255,1610109100,102,운서동2811-2,0,,37.50132615680549,126.49066944605325
902,164256,1610109200,101,운서동2811-3,0,,37.50062624024736,126.49101942048509
903,164257,1610109300,101,운서동2811-3,0,,37.50028461497967,126.49135689303051
904,164258,1610109400,102,운서동2811-3,0,,37.500842883418045,126.49130689302308
905,164259,1610109500,102,운서동2811-3,0,,37.500601246706495,126.49166936203969
906,164260,1610109600,101,운서동2815,0,,37.500126286950554,126.48909459965203
907,164261,1610109700,101,운서동2815,0,,37.49970966876778,126.48906960618287
908,164262,1610109800,101,운서동2815,0,,37.4991680685456,126.4897570487864
909,164263,1610109900,101,운서동2817,0,,37.49913474690939,126.49114442282382
910,164264,1610110000,102,운서동2815,0,,37.50011795115043,126.4884571577907
911,164265,1610110100,102,운서동2815,0,,37.49990131755214,126.4897945386751
912,164266,1610110200,101,운서동2815,0,,37.49929304647727,126.48833217721433
913,164267,1610110300,101,운서동2815,0,,37.498834765910004,126.48829468465652
914,164268,1610110400,101,운서동2815,0,,37.498726453162504,126.48973205462346
915,164269,1610110500,101,운서동2815,0,,37.49947636645351,126.48971954887156
916,164270,1610110600,102,운서동2815,0,,37.49928471589772,126.4887446399278
917,164271,1610110700,102,운서동2815,0,,37.49880977057424,126.48869464818677
918,164272,1610110800,102,운서동2815,0,,37.49875144756137,126.48930709295756
919,164273,1610110900,102,운서동2815,0,,37.499643015489596,126.49001952042059
920,164274,1610111000,101,운서동2815,0,,37.49870979043934,126.49016951536056
921,164275,1610111100,102,운서동2815,0,,37.49895142959088,126.4901820117295
922,164276,1610111200,102,운서동2815,0,,37.498276507522455,126.4901445210405
923,164277,1610111300,101,운서동2817,0,,37.4989264407775,126.49156938616065
924,164278,1610111400,101,운서동2817,0,,37.49829318431583,126.49223183166269
925,164279,1610111500,102,운서동2817,0,,37.49857648119129,126.49155689036597
926,164280,1610111600,101,운서동2817,0,,37.49764326016111,126.49225683533689
927,164281,1610111700,101,운서동2817,0,,37.49692667473145,126.49200686512481
928,164282,1610111800,101,운서동2817,0,,37.49658504722775,126.49193187438387
929,164283,1610111900,101,운서동2817,0,,37.49602678018078,126.49218185738856
930,164284,1610112000,101,운서동2817,0,,37.49601011690483,126.49248182980614
931,164285,1610112100,102,운서동2706-3,0,,37.49600178856296,126.4931192719081
932,164286,1610112200,101,운서동2817,0,,37.49563515995646,126.49246933414885
933,164287,1610112300,102,운서동2817,0,,37.49561849873088,126.49306928055528
934,164288,1610112400,101,운서동2817,0,,37.4960517706048,126.49104446040847
935,164289,1610112500,101,운서동2817,0,,37.4965850418958,126.49105695453127
936,164290,1610112600,101,운서동2817,0,,37.49693500164294,126.49106945002966
937,164291,1610112700,101,운서동2817,0,,37.49765158784504,126.49155689866332
938,164292,1610112800,102,운서동2817,0,,37.497209972442676,126.49154440481031
939,164293,1610112900,102,운서동2817,0,,37.496935003351666,126.4913694229786
940,164294,1610113000,102,운서동2817,0,,37.49693500588401,126.49171939142008
941,164295,1610113100,101,운서동2941,0,,37.483844958573854,126.50954289324717
942,164296,1610113200,101,운서동2940,0,,37.48379496961292,126.5104928081588
943,164297,1610113300,101,운서초등학교,0,,37.48376997496544,126.51096776458873
944,164298,1610113400,102,운서동2940,0,,37.48479485215502,126.51030531615703
945,164299,1610113500,102,운서동2940,0,,37.48502816047785,126.51066778095664
946,164300,1610113600,101,운서동2938,0,,37.48641133272733,126.51053028113638
947,164301,1610113700,102,운남동1580,0,,37.49431054910488,126.5332281507237
948,164302,1610113800,102,운서동2938,0,,37.485994698085946,126.50761804896962
949,164303,1610113900,102,항동7가126-2,0,,37.44163371880547,126.60258484702076
950,164304,1610114000,101,운서동2952,0,,37.48453652890732,126.50673064193144
951,164305,1610114100,102,운서동2952,0,,37.48482815888139,126.5063681729001
952,164306,1610114200,101,운서동2953,0,,37.48441987341978,126.50641817126127
953,164307,1610114300,102,운서동2953,0,,37.48427822070035,126.50601820922579
954,164308,1610114400,101,운서동2953,0,,37.483636634096676,126.50694313158789
955,164309,1610114500,101,운서동2952,0,,37.483836614016646,126.50745558319598
956,164310,1610114600,102,운서동2953,0,,37.48346165113958,126.506418180778
957,164311,1610114700,101,운서동2952,0,,37.482845061932885,126.50751808665773
958,164312,1610114800,102,운서동2952,0,,37.482461769914686,126.5069306433577
959,164313,1610114900,101,운남동1586,0,,37.493169005839064,126.53162830676156
960,164314,1610115000,101,영종동행정복지센터,1,,37.493902257290074,126.53221574609174
961,164315,1610115100,101,운남동1585,0,,37.49273572933637,126.53277820585097
962,164316,1610115200,101,운남동1580,0,,37.4949688080686,126.53354061638518
963,164317,1610115300,101,운남동1579,0,,37.49436052306824,126.52976596394862
964,164318,1610115400,102,운남동1579,0,,37.4952520861069,126.5296159699914
965,164319,1610115500,101,운남동545,0,,37.49813514103053,126.53927756749083
966,164320,1610115600,101,운북동1258,0,,37.51311675688296,126.54236465099143
967,164321,1610115700,102,운북동168-85,0,,37.513100063800216,126.53760258249928
968,164322,1610115800,101,중산동1260-2,0,,37.50150985748972,126.5578008577731
969,164323,1610115900,102,중산동1125-81,0,,37.507625854974016,126.56460018488387
970,164324,1610116000,102,북성동1가98-35,0,,37.47522982426066,126.60173461670276
971,164325,1610116100,102,북성동1가98-6,0,,37.47670463151275,126.59805993600787
972,164326,1610116200,102,월미도,0,,37.475654748006505,126.59716002652283
973,164327,1610116300,102,북성동1가125-3,0,,37.47407161939118,126.60079721141074
974,164328,1610116400,102,북성동1가98-57,0,,37.4741715869186,126.59723503370876
975,164329,1610116500,102,인천광역시중구청,0,,37.47340514946302,126.62132035904418
976,164330,1610116600,102,중앙동2가25,0,,37.47246359813765,126.62232027634992
977,164331,1610116700,102,전동37-1,0,,37.475238300814944,126.62638238253585
978,164332,1610116800,101,인성여자중학교,0,,37.473563235754355,126.62518228086188
979,164333,1610116900,102,송학동3가217-15,0,,37.47287190813521,126.62640740216612
980,164334,1610117000,102,신포동66-1,0,,37.47192201405522,126.62566997858453
981,164335,1610117100,101,경동241-1,0,,37.47190538450442,126.63168193361594
982,164336,1610117200,101,경동241-1,0,,37.47230535123036,126.63391922722161
983,164337,1610117300,102,율목동241-1,0,,37.470947158696234,126.63116948855911
984,164338,1610117400,102,신생동34-1,0,,37.46728924046764,126.62970715551543
985,164339,1610117500,102,신생동43,0,,37.4648728560469,126.63019463301752
986,164340,1610117600,102,도원동12-155,0,,37.46642273121175,126.63945628056263
987,164341,1610117700,103,속성변화점,0,,37.46539785462304,126.6402937133395
988,164342,1610117800,102,신흥여자중학교,0,,37.45447406362404,126.63079467472592
989,164343,1610117900,102,신흥동3가42-21,0,,37.44270874562704,126.62860748114055
990,164344,1610118000,101,항동7가82-28,0,,37.44684973658517,126.59478550611861
991,164345,1610118100,101,항동7가82-30,0,,37.44683306324945,126.5933481365806
992,164346,1610118200,102,항동7가82-2,0,,37.445249913153184,126.59334815074409
993,164347,1610118300,101,항동7가82-24,0,,37.448816174515244,126.59474799141289
994,164348,1610118400,102,항동7가82-24,0,,37.44882451917287,126.59673531086777
995,164349,1610118500,101,-,1,지번없음,37.419819529743286,126.59456077344367
996,164350,1610118600,103,속성변화점,0,,37.41947790050006,126.59417331167879
997,164351,1610118700,103,속성변화점,0,,37.41947791874503,126.59734802427019
998,164352,1610118800,102,-,0,지번없음,37.42138599562093,126.59113606947031
999,164353,1610118900,105,중구-연수구,0,,37.4187072205228,126.59931812752295
1000,164354,1610119000,105,중구-연수구,0,,37.41673997145724,126.59654904888794
1001,164355,1610119100,101,운서동2820-1,0,,37.49370679504111,126.4831451223141
1002,164356,1610119200,102,항동7가65-111,0,,37.45044935157562,126.60025997681998
1003,164357,1610119300,105,중구-서구,0,,37.543560476820744,126.57809698875755
1004,164358,1610119500,101,신흥동3가7-207,0,,37.45768439451461,126.63304848626795
1005,164359,1610119600,105,중구-동구,0,,37.47331750228836,126.63546741733053
1006,164360,1610119700,101,도원동5-5,0,,37.466664556536166,126.64176545943569
1007,191531,1610119901,101,-,0,,37.48064642465583,126.47616196476112
1008,191532,1610119801,101,-,0,,37.47604472274816,126.4725143837471
1009,191637,1610120101,102,-,0,,37.52908966638651,126.5049853973456
1010,192071,1610120901,102,-,0,,37.489376911775814,126.47245854915123
1011,192072,1610120801,101,-,1,,37.486176678116315,126.47110548732951
1012,192116,1610120201,101,-,0,,37.50412960932314,126.57117981081356
1013,192117,1610120301,102,-,0,,37.50595810531088,126.57023789327414
1014,192269,1610120001,101,-,0,,37.42724034179888,126.42383978781398
1015,192313,1610120701,104,-,0,,37.43006445212477,126.62325126409326
1016,192412,1610120601,101,-,0,,37.50970257930988,126.49823259904063
1017,192413,1610120501,101,-,0,,37.50766606385436,126.49792498723575
1018,192414,1610120401,101,-,0,,37.50761759106593,126.49606445193453
1019,192938,1610122301,101,-,0,,37.46916076049627,126.42977591027802
1020,192939,1610122401,101,-,0,,37.469348536817016,126.42976545845521
1021,192940,1610122601,101,-,1,,37.47081516595359,126.42998273285733
1022,192941,1610122701,101,-,1,,37.472026113639046,126.43238766258291
1023,192942,1610121201,101,-,0,,37.47291356169409,126.42981030666253
1024,193099,1610121101,101,인천국제공항,1,,37.44719404230036,126.46112009279037
1025,193100,1610121001,101,-,0,,37.446492019519525,126.44950974562144
1026,193464,1610122901,102,-,0,,37.48785157571557,126.46963185544288
1027,193465,1610122801,101,-,1,,37.484321323730235,126.472688975227
1028,193466,1610123001,101,-,1,,37.48700060844826,126.4756822314991
1029,193467,1610123101,101,-,0,,37.48671273157367,126.47834778482739
1030,193468,1610123401,101,-,1,,37.48927815050055,126.4814798143371
1031,193469,1610123201,101,-,1,,37.48761234768558,126.4785403259144
1032,193470,1610123301,101,-,0,,37.48799048396062,126.47819831482494
1033,193519,1610122501,101,-,1,,37.47010473031671,126.4293526073941
1034,193520,1610122201,101,-,1,,37.46834705056597,126.43015158291381
1035,193605,1610121701,101,-,1,,37.472199030149014,126.42978515542133
1036,193606,1610121401,101,-,1,,37.471440449236454,126.42987230566868
1037,193607,1610121601,103,-,0,,37.471950607548244,126.42972367251612
1038,193608,1610121501,101,-,1,,37.47175899729322,126.42971509618589
1039,193609,1610122101,101,-,0,,37.47101924860466,126.43562873588759
1040,193610,1610121801,101,-,1,,37.47282344902237,126.43093258366356
1041,193611,1610121901,101,-,0,,37.469737109892975,126.43537904928233
1042,193612,1610121301,101,-,1,,37.46796034787523,126.43051206396613
1043,193613,1610122001,101,-,1,,37.470981398155864,126.43542925177486
